comparison,cosine,left,right
test-train,0.9931225180625916,D:\Datasets\Alvaro\Floresta-3-20260714T215823Z-1-001\Floresta-3\valid\images\Cafezal-01_MP4-7_jpg.rf.3070a21c403e64c272150b0f3cc858d2.jpg,D:\Datasets\Alvaro\Floresta-3-20260714T215823Z-1-001\Floresta-3\train\images\Cafezal-01_MP4-8_jpg.rf.2d262d0c150a7144e65b6c5486a79c58.jpg
test-train,0.9924678802490234,D:\Datasets\Alvaro\Floresta-3-20260714T215823Z-1-001\Floresta-3\valid\images\Cafezal-01_MP4-4_jpg.rf.5069f14f0ed3fa3d155b14af642be253.jpg,D:\Datasets\Alvaro\Floresta-3-20260714T215823Z-1-001\Floresta-3\train\images\Cafezal-01_MP4-3_jpg.rf.1600e5edfdd412fde308c85ae9ccbd32.jpg
test-train,0.9918066263198853,D:\Datasets\Alvaro\Floresta-3-20260714T215823Z-1-001\Floresta-3\valid\images\Cafezal-01_MP4-6_jpg.rf.4588d22cdd598f01784c1f121f385604.jpg,D:\Datasets\Alvaro\Floresta-3-20260714T215823Z-1-001\Floresta-3\train\images\Cafezal-01_MP4-8_jpg.rf.2d262d0c150a7144e65b6c5486a79c58.jpg
validation-train,0.9914839863777161,D:\Datasets\Alvaro\Floresta-3-20260714T215823Z-1-001\Floresta-3\test\images\IJ_08_25_37_2560_0_png_jpg.rf.28741680dd6dd6a0569d56549918f9c7.jpg,D:\Datasets\Alvaro\Floresta-3-20260714T215823Z-1-001\Floresta-3\train\images\IJ_08_25_38_2560_0_png_jpg.rf.da9f84375297ef9864e8a15ef8f388aa.jpg
test-train,0.991273045539856,D:\Datasets\Alvaro\Floresta-3-20260714T215823Z-1-001\Floresta-3\valid\images\IJ_08_25_03_2560_0_png_jpg.rf.21a110b0b1bd70151ba70a1e296f115d.jpg,D:\Datasets\Alvaro\Floresta-3-20260714T215823Z-1-001\Floresta-3\train\images\IJ_08_25_04_2560_0_png_jpg.rf.6cf1c1f76f9ef3a821490b198cae19e5.jpg
test-train,0.9912140965461731,D:\Datasets\Alvaro\Floresta-3-20260714T215823Z-1-001\Floresta-3\valid\images\Cafezal-01_MP4-9_jpg.rf.4044aa1fffda906f2f93e00dc7c25434.jpg,D:\Datasets\Alvaro\Floresta-3-20260714T215823Z-1-001\Floresta-3\train\images\Cafezal-01_MP4-8_jpg.rf.2d262d0c150a7144e65b6c5486a79c58.jpg
validation-train,0.9910406470298767,D:\Datasets\Alvaro\Floresta-3-20260714T215823Z-1-001\Floresta-3\test\images\alina_1111_jpg.rf.aab34247c2908c081297c7dcfdaeabcc.jpg,D:\Datasets\Alvaro\Floresta-3-20260714T215823Z-1-001\Floresta-3\train\images\alina_1110_jpg.rf.68041a4ea2bf33a9562caa7d57977315.jpg
validation-train,0.9906187057495117,D:\Datasets\Alvaro\Floresta-3-20260714T215823Z-1-001\Floresta-3\test\images\ik_4_03151_png_jpg.rf.704c9a040e3df2215d3cd635a2f477cd.jpg,D:\Datasets\Alvaro\Floresta-3-20260714T215823Z-1-001\Floresta-3\train\images\ik_4_03151_png_jpg.rf.f3ec7892197450ede6654ddf3ab5fb9e.jpg
validation-train,0.99003005027771,D:\Datasets\Alvaro\Floresta-3-20260714T215823Z-1-001\Floresta-3\test\images\alina_1111_jpg.rf.7f3ba75c4361668c5bb8e1961b40f503.jpg,D:\Datasets\Alvaro\Floresta-3-20260714T215823Z-1-001\Floresta-3\train\images\alina_1111_jpg.rf.75790317c6cf85f81642bffdb771841d.jpg
validation-train,0.9897202253341675,D:\Datasets\Alvaro\Floresta-3-20260714T215823Z-1-001\Floresta-3\test\images\IJ_08_25_40_2560_0_png_jpg.rf.7e714f76b6f326b4bd892869c515a0c6.jpg,D:\Datasets\Alvaro\Floresta-3-20260714T215823Z-1-001\Floresta-3\train\images\IJ_08_25_41_2560_0_png_jpg.rf.34d8e97e795cf78ae7ff32ebdd4f7507.jpg
validation-train,0.9896693229675293,D:\Datasets\Alvaro\Floresta-3-20260714T215823Z-1-001\Floresta-3\test\images\IJ_08_25_42_2560_0_png_jpg.rf.d5a67860281054471a988dbebd21f9c6.jpg,D:\Datasets\Alvaro\Floresta-3-20260714T215823Z-1-001\Floresta-3\train\images\IJ_08_25_41_2560_0_png_jpg.rf.34d8e97e795cf78ae7ff32ebdd4f7507.jpg
validation-train,0.9890390634536743,D:\Datasets\Alvaro\Floresta-3-20260714T215823Z-1-001\Floresta-3\test\images\alina_1111_jpg.rf.aab34247c2908c081297c7dcfdaeabcc.jpg,D:\Datasets\Alvaro\Floresta-3-20260714T215823Z-1-001\Floresta-3\train\images\alina_1112_jpg.rf.1314a6ac3b3ea7ef10b053ee40947a29.jpg
validation-train,0.9888343214988708,D:\Datasets\Alvaro\Floresta-3-20260714T215823Z-1-001\Floresta-3\test\images\IJ_08_25_36_0_0_png_jpg.rf.093124dae5e9e2fbea0afa9ca0b5af41.jpg,D:\Datasets\Alvaro\Floresta-3-20260714T215823Z-1-001\Floresta-3\train\images\IJ_08_25_37_0_0_png_jpg.rf.139b89b97ca5472483e9b2c1e211cc14.jpg
validation-train,0.9886524677276611,D:\Datasets\Alvaro\Floresta-3-20260714T215823Z-1-001\Floresta-3\test\images\alina_1110_jpg.rf.e28128e29d9b1e4dd36da6aff83859cc.jpg,D:\Datasets\Alvaro\Floresta-3-20260714T215823Z-1-001\Floresta-3\train\images\alina_118_jpg.rf.955d47a49d8a900a04c30d7642cc109b.jpg
test-train,0.9884617328643799,D:\Datasets\Alvaro\Floresta-3-20260714T215823Z-1-001\Floresta-3\valid\images\IJ_08_25_03_2560_0_png_jpg.rf.21a110b0b1bd70151ba70a1e296f115d.jpg,D:\Datasets\Alvaro\Floresta-3-20260714T215823Z-1-001\Floresta-3\train\images\IJ_08_25_01_2560_0_png_jpg.rf.cc79b04e52bc47998d50b6453b245ca2.jpg
test-train,0.9883885979652405,D:\Datasets\Alvaro\Floresta-3-20260714T215823Z-1-001\Floresta-3\valid\images\alina_118_jpg.rf.d36104956309c811f869955e9b8cfe6d.jpg,D:\Datasets\Alvaro\Floresta-3-20260714T215823Z-1-001\Floresta-3\train\images\alina_118_jpg.rf.955d47a49d8a900a04c30d7642cc109b.jpg
test-train,0.9883285164833069,D:\Datasets\Alvaro\Floresta-3-20260714T215823Z-1-001\Floresta-3\valid\images\alina_1111_jpg.rf.7a781f0e796763c2831afa75672cf9f0.jpg,D:\Datasets\Alvaro\Floresta-3-20260714T215823Z-1-001\Floresta-3\train\images\alina_1112_jpg.rf.4d147154dc50b3f8bee746754c143e45.jpg
test-train,0.9882674217224121,D:\Datasets\Alvaro\Floresta-3-20260714T215823Z-1-001\Floresta-3\valid\images\IJ_08_25_02_2560_0_png_jpg.rf.6b348e4097bfa6786e08740195efef0e.jpg,D:\Datasets\Alvaro\Floresta-3-20260714T215823Z-1-001\Floresta-3\train\images\IJ_08_25_02_2560_0_png_jpg.rf.126899ef94ad6f47da777002ecda9733.jpg
validation-train,0.9881919622421265,D:\Datasets\Alvaro\Floresta-3-20260714T215823Z-1-001\Floresta-3\test\images\IJ_08_25_32_0_0_png_jpg.rf.f279fc70da0fe3f575bdcfd7fa67ab13.jpg,D:\Datasets\Alvaro\Floresta-3-20260714T215823Z-1-001\Floresta-3\train\images\IJ_08_25_31_0_0_png_jpg.rf.c6e49ff892803920e76fb76016fbc862.jpg
validation-train,0.9881631135940552,D:\Datasets\Alvaro\Floresta-3-20260714T215823Z-1-001\Floresta-3\test\images\evo186_jpg.rf.a58c7579323865b07165624e0659a6f7.jpg,D:\Datasets\Alvaro\Floresta-3-20260714T215823Z-1-001\Floresta-3\train\images\evo1105_jpg.rf.cd3e108d010b2d74ba6541e18a0231c9.jpg
test-train,0.988103985786438,D:\Datasets\Alvaro\Floresta-3-20260714T215823Z-1-001\Floresta-3\valid\images\Cafezal-01_MP4-4_jpg.rf.5069f14f0ed3fa3d155b14af642be253.jpg,D:\Datasets\Alvaro\Floresta-3-20260714T215823Z-1-001\Floresta-3\train\images\Cafezal-01_MP4-0_jpg.rf.1a45eea36c49929f163bd11d7d936eea.jpg
test-train,0.98804771900177,D:\Datasets\Alvaro\Floresta-3-20260714T215823Z-1-001\Floresta-3\valid\images\Cafezal-01_MP4-4_jpg.rf.5069f14f0ed3fa3d155b14af642be253.jpg,D:\Datasets\Alvaro\Floresta-3-20260714T215823Z-1-001\Floresta-3\train\images\Cafezal-01_MP4-2_jpg.rf.d72b4dae44bda1bf4ae54e651215e691.jpg
test-train,0.987937331199646,D:\Datasets\Alvaro\Floresta-3-20260714T215823Z-1-001\Floresta-3\valid\images\Cafezal-01_MP4-9_jpg.rf.4044aa1fffda906f2f93e00dc7c25434.jpg,D:\Datasets\Alvaro\Floresta-3-20260714T215823Z-1-001\Floresta-3\train\images\Cafezal-01_MP4-10_jpg.rf.f2741d72b878253b02c8191cd8ae1056.jpg
validation-train,0.9876490831375122,D:\Datasets\Alvaro\Floresta-3-20260714T215823Z-1-001\Floresta-3\test\images\IJ_08_25_39_2560_0_png_jpg.rf.f292f3bdffb6f481f6dcca4b29c212c7.jpg,D:\Datasets\Alvaro\Floresta-3-20260714T215823Z-1-001\Floresta-3\train\images\IJ_08_25_38_2560_0_png_jpg.rf.da9f84375297ef9864e8a15ef8f388aa.jpg
test-train,0.9875698089599609,D:\Datasets\Alvaro\Floresta-3-20260714T215823Z-1-001\Floresta-3\valid\images\IJ_08_25_03_2560_0_png_jpg.rf.21a110b0b1bd70151ba70a1e296f115d.jpg,D:\Datasets\Alvaro\Floresta-3-20260714T215823Z-1-001\Floresta-3\train\images\IJ_08_25_05_2560_0_png_jpg.rf.eee2f895228823dad88dbc216f543b78.jpg
test-train,0.9875369071960449,D:\Datasets\Alvaro\Floresta-3-20260714T215823Z-1-001\Floresta-3\valid\images\IJ_08_25_26_0_0_png_jpg.rf.d29509f7347d5839a46f024e6454dc7a.jpg,D:\Datasets\Alvaro\Floresta-3-20260714T215823Z-1-001\Floresta-3\train\images\IJ_08_25_27_0_0_png_jpg.rf.13ed5d16377289bb04b63dab74da35ad.jpg
test-train,0.9874643087387085,D:\Datasets\Alvaro\Floresta-3-20260714T215823Z-1-001\Floresta-3\valid\images\IJ_08_25_21_2560_0_png_jpg.rf.ffea363b63767e66e2956b7ae2238524.jpg,D:\Datasets\Alvaro\Floresta-3-20260714T215823Z-1-001\Floresta-3\train\images\IJ_08_25_20_2560_0_png_jpg.rf.18482e51cc065ef40f70d11fb56825d6.jpg
validation-train,0.9874383211135864,D:\Datasets\Alvaro\Floresta-3-20260714T215823Z-1-001\Floresta-3\test\images\IJ_08_25_33_2560_0_png_jpg.rf.902b471a8f999931edeab3b9361a3f00.jpg,D:\Datasets\Alvaro\Floresta-3-20260714T215823Z-1-001\Floresta-3\train\images\IJ_08_25_34_2560_0_png_jpg.rf.e0e03144fd11c11d2608cdda042246a5.jpg
validation-train,0.9874375462532043,D:\Datasets\Alvaro\Floresta-3-20260714T215823Z-1-001\Floresta-3\test\images\ik_4_05451_png_jpg.rf.f91997efb62b7e486386842c06f8f5e9.jpg,D:\Datasets\Alvaro\Floresta-3-20260714T215823Z-1-001\Floresta-3\train\images\ik_4_05451_png_jpg.rf.47c48f9de1ed3b639db459f6c462e22b.jpg
validation-train,0.9873316287994385,D:\Datasets\Alvaro\Floresta-3-20260714T215823Z-1-001\Floresta-3\test\images\IJ_08_25_32_0_0_png_jpg.rf.f279fc70da0fe3f575bdcfd7fa67ab13.jpg,D:\Datasets\Alvaro\Floresta-3-20260714T215823Z-1-001\Floresta-3\train\images\IJ_08_25_33_0_0_png_jpg.rf.21542d5036df5d7c123d2522fe85c772.jpg
test-train,0.9872474670410156,D:\Datasets\Alvaro\Floresta-3-20260714T215823Z-1-001\Floresta-3\valid\images\IJ_08_25_02_2560_0_png_jpg.rf.f285c7138771cbfbe2f4dcc766424b01.jpg,D:\Datasets\Alvaro\Floresta-3-20260714T215823Z-1-001\Floresta-3\train\images\IJ_08_25_01_2560_0_png_jpg.rf.cc79b04e52bc47998d50b6453b245ca2.jpg
validation-train,0.987014651298523,D:\Datasets\Alvaro\Floresta-3-20260714T215823Z-1-001\Floresta-3\test\images\IJ_08_25_36_2560_0_png_jpg.rf.cbec1add57c99013895759bc8dbdcf06.jpg,D:\Datasets\Alvaro\Floresta-3-20260714T215823Z-1-001\Floresta-3\train\images\IJ_08_25_34_2560_0_png_jpg.rf.e0e03144fd11c11d2608cdda042246a5.jpg
validation-train,0.9869507551193237,D:\Datasets\Alvaro\Floresta-3-20260714T215823Z-1-001\Floresta-3\test\images\IJ_08_25_42_2560_0_png_jpg.rf.d5a67860281054471a988dbebd21f9c6.jpg,D:\Datasets\Alvaro\Floresta-3-20260714T215823Z-1-001\Floresta-3\train\images\IJ_08_25_43_2560_0_png_jpg.rf.4265e97bcb89231910b16efc3b841510.jpg
validation-train,0.9868861436843872,D:\Datasets\Alvaro\Floresta-3-20260714T215823Z-1-001\Floresta-3\test\images\IJ_08_25_62_2560_0_png_jpg.rf.a1c74a44fd7a1c5ce261812d86c4b6e1.jpg,D:\Datasets\Alvaro\Floresta-3-20260714T215823Z-1-001\Floresta-3\train\images\IJ_08_25_61_2560_0_png_jpg.rf.67a57931067dcaefd803f7c4f9031ec0.jpg
validation-train,0.9867533445358276,D:\Datasets\Alvaro\Floresta-3-20260714T215823Z-1-001\Floresta-3\test\images\IJ_08_25_55_0_0_png_jpg.rf.9838bbc6a86272ae7eaf235ad3c84dca.jpg,D:\Datasets\Alvaro\Floresta-3-20260714T215823Z-1-001\Floresta-3\train\images\IJ_08_25_53_0_0_png_jpg.rf.0436399fe799ea35a82bb0926346301e.jpg
validation-train,0.9865227341651917,D:\Datasets\Alvaro\Floresta-3-20260714T215823Z-1-001\Floresta-3\test\images\IJ_08_25_54_0_0_png_jpg.rf.8140b156157acc3e4dabb61847e777d9.jpg,D:\Datasets\Alvaro\Floresta-3-20260714T215823Z-1-001\Floresta-3\train\images\IJ_08_25_53_0_0_png_jpg.rf.0436399fe799ea35a82bb0926346301e.jpg
test-train,0.9865208864212036,D:\Datasets\Alvaro\Floresta-3-20260714T215823Z-1-001\Floresta-3\valid\images\IJ_08_25_19_2560_0_png_jpg.rf.6bcf49045aa15683d9bec1b3ad8b7493.jpg,D:\Datasets\Alvaro\Floresta-3-20260714T215823Z-1-001\Floresta-3\train\images\IJ_08_25_19_2560_0_png_jpg.rf.86bcba4edd5d46325061b2d7e95fe0f1.jpg
validation-train,0.9863860607147217,D:\Datasets\Alvaro\Floresta-3-20260714T215823Z-1-001\Floresta-3\test\images\IJ_08_25_49_0_0_png_jpg.rf.720cb97048af6c65c5279ca9dc98e7ce.jpg,D:\Datasets\Alvaro\Floresta-3-20260714T215823Z-1-001\Floresta-3\train\images\IJ_08_25_50_0_0_png_jpg.rf.c6d9442f05e7d08d88974c5043d06794.jpg
test-train,0.9862545728683472,D:\Datasets\Alvaro\Floresta-3-20260714T215823Z-1-001\Floresta-3\valid\images\Cafezal-01_MP4-5_jpg.rf.00c6ab9c1cd533f5fb5bb38e106a57c4.jpg,D:\Datasets\Alvaro\Floresta-3-20260714T215823Z-1-001\Floresta-3\train\images\Cafezal-01_MP4-3_jpg.rf.1600e5edfdd412fde308c85ae9ccbd32.jpg
test-train,0.9861525297164917,D:\Datasets\Alvaro\Floresta-3-20260714T215823Z-1-001\Floresta-3\valid\images\IJ_08_25_01_2560_880_png_jpg.rf.dac77e1fad5918a3aae0b4ec83949f43.jpg,D:\Datasets\Alvaro\Floresta-3-20260714T215823Z-1-001\Floresta-3\train\images\IJ_08_25_02_2560_880_png_jpg.rf.e4dbdb40a2d918a91762530b74c06cbe.jpg
test-train,0.9861127138137817,D:\Datasets\Alvaro\Floresta-3-20260714T215823Z-1-001\Floresta-3\valid\images\IJ_08_25_21_2560_0_png_jpg.rf.ffea363b63767e66e2956b7ae2238524.jpg,D:\Datasets\Alvaro\Floresta-3-20260714T215823Z-1-001\Floresta-3\train\images\IJ_08_25_22_2560_0_png_jpg.rf.6ed909896af0ae411cc7289d55861b6e.jpg
test-train,0.9861100912094116,D:\Datasets\Alvaro\Floresta-3-20260714T215823Z-1-001\Floresta-3\valid\images\Cafezal-01_MP4-7_jpg.rf.3070a21c403e64c272150b0f3cc858d2.jpg,D:\Datasets\Alvaro\Floresta-3-20260714T215823Z-1-001\Floresta-3\train\images\Cafezal-01_MP4-10_jpg.rf.f2741d72b878253b02c8191cd8ae1056.jpg
validation-train,0.9860726594924927,D:\Datasets\Alvaro\Floresta-3-20260714T215823Z-1-001\Floresta-3\test\images\IJ_08_25_49_2560_0_png_jpg.rf.3545c4a124e740c5879e339d22aaa640.jpg,D:\Datasets\Alvaro\Floresta-3-20260714T215823Z-1-001\Floresta-3\train\images\IJ_08_25_50_2560_0_png_jpg.rf.6080e8c5fdbfbe04b1b31d7b23d44481.jpg
validation-train,0.9859534502029419,D:\Datasets\Alvaro\Floresta-3-20260714T215823Z-1-001\Floresta-3\test\images\IJ_08_25_55_2560_0_png_jpg.rf.0f63d1fff3f34df6dc725e87317aac7d.jpg,D:\Datasets\Alvaro\Floresta-3-20260714T215823Z-1-001\Floresta-3\train\images\IJ_08_25_54_2560_0_png_jpg.rf.6fdab81c7471dd5d8303ec148ccf0676.jpg
test-train,0.9859477281570435,D:\Datasets\Alvaro\Floresta-3-20260714T215823Z-1-001\Floresta-3\valid\images\Cafezal-01_MP4-5_jpg.rf.00c6ab9c1cd533f5fb5bb38e106a57c4.jpg,D:\Datasets\Alvaro\Floresta-3-20260714T215823Z-1-001\Floresta-3\train\images\Cafezal-01_MP4-2_jpg.rf.d72b4dae44bda1bf4ae54e651215e691.jpg
test-train,0.9859342575073242,D:\Datasets\Alvaro\Floresta-3-20260714T215823Z-1-001\Floresta-3\valid\images\IJ_08_25_26_0_0_png_jpg.rf.d29509f7347d5839a46f024e6454dc7a.jpg,D:\Datasets\Alvaro\Floresta-3-20260714T215823Z-1-001\Floresta-3\train\images\IJ_08_25_25_0_0_png_jpg.rf.a7cc86335b6a61c5ddce6199dcbd7f4f.jpg
test-train,0.9859226942062378,D:\Datasets\Alvaro\Floresta-3-20260714T215823Z-1-001\Floresta-3\valid\images\Cafezal-01_MP4-5_jpg.rf.00c6ab9c1cd533f5fb5bb38e106a57c4.jpg,D:\Datasets\Alvaro\Floresta-3-20260714T215823Z-1-001\Floresta-3\train\images\Cafezal-01_MP4-8_jpg.rf.2d262d0c150a7144e65b6c5486a79c58.jpg
test-train,0.9858427047729492,D:\Datasets\Alvaro\Floresta-3-20260714T215823Z-1-001\Floresta-3\valid\images\evo4240_jpg.rf.e85b4a4566cbc61dcb100d83bc0c42ed.jpg,D:\Datasets\Alvaro\Floresta-3-20260714T215823Z-1-001\Floresta-3\train\images\evo4240_jpg.rf.077d85a528a7456644e42cb3cdbd48b1.jpg
validation-train,0.9858369827270508,D:\Datasets\Alvaro\Floresta-3-20260714T215823Z-1-001\Floresta-3\test\images\evo186_jpg.rf.a58c7579323865b07165624e0659a6f7.jpg,D:\Datasets\Alvaro\Floresta-3-20260714T215823Z-1-001\Floresta-3\train\images\evo186_jpg.rf.98d77845887352483b70b3d9632991b8.jpg
validation-train,0.9858026504516602,D:\Datasets\Alvaro\Floresta-3-20260714T215823Z-1-001\Floresta-3\test\images\IJ_08_25_61_0_0_png_jpg.rf.395681de25b063c0bb7651094a39370d.jpg,D:\Datasets\Alvaro\Floresta-3-20260714T215823Z-1-001\Floresta-3\train\images\IJ_08_25_62_0_0_png_jpg.rf.5aafba1722844261f36af4e01edae0ca.jpg
validation-train,0.9857236742973328,D:\Datasets\Alvaro\Floresta-3-20260714T215823Z-1-001\Floresta-3\test\images\alina_1111_jpg.rf.7f3ba75c4361668c5bb8e1961b40f503.jpg,D:\Datasets\Alvaro\Floresta-3-20260714T215823Z-1-001\Floresta-3\train\images\alina_1111_jpg.rf.f5f3ae72124d9952de13cb7f067daf38.jpg
validation-train,0.9856635332107544,D:\Datasets\Alvaro\Floresta-3-20260714T215823Z-1-001\Floresta-3\test\images\ik_4_05451_png_jpg.rf.b8b92c5c4398e61bbbeca78655183682.jpg,D:\Datasets\Alvaro\Floresta-3-20260714T215823Z-1-001\Floresta-3\train\images\ik_4_05451_png_jpg.rf.4d8c67c216af36d66699b4a1f3e008c8.jpg
test-train,0.9855520725250244,D:\Datasets\Alvaro\Floresta-3-20260714T215823Z-1-001\Floresta-3\valid\images\Cafezal-01_MP4-12_jpg.rf.ce6e599c9ce7e75b93aa0942d6b73482.jpg,D:\Datasets\Alvaro\Floresta-3-20260714T215823Z-1-001\Floresta-3\train\images\Cafezal-01_MP4-11_jpg.rf.4ce290106203453ff2fc8f7ebb613f6f.jpg
validation-train,0.9855101704597473,D:\Datasets\Alvaro\Floresta-3-20260714T215823Z-1-001\Floresta-3\test\images\ik_4_05451_png_jpg.rf.f91997efb62b7e486386842c06f8f5e9.jpg,D:\Datasets\Alvaro\Floresta-3-20260714T215823Z-1-001\Floresta-3\train\images\ik_4_05451_png_jpg.rf.4d8c67c216af36d66699b4a1f3e008c8.jpg
test-train,0.9854989051818848,D:\Datasets\Alvaro\Floresta-3-20260714T215823Z-1-001\Floresta-3\valid\images\Cafezal-01_MP4-4_jpg.rf.5069f14f0ed3fa3d155b14af642be253.jpg,D:\Datasets\Alvaro\Floresta-3-20260714T215823Z-1-001\Floresta-3\train\images\Cafezal-01_MP4-1_jpg.rf.684f4fbd04a63513b11bad9ee1feda88.jpg
validation-train,0.9854506254196167,D:\Datasets\Alvaro\Floresta-3-20260714T215823Z-1-001\Floresta-3\test\images\alina_1110_jpg.rf.e28128e29d9b1e4dd36da6aff83859cc.jpg,D:\Datasets\Alvaro\Floresta-3-20260714T215823Z-1-001\Floresta-3\train\images\alina_118_jpg.rf.5fc88739bec90ea16be4ca6e3ec6fc60.jpg
validation-train,0.9852100610733032,D:\Datasets\Alvaro\Floresta-3-20260714T215823Z-1-001\Floresta-3\test\images\IJ_08_25_51_0_0_png_jpg.rf.823448915474e0d64911bd2bc2fab1d5.jpg,D:\Datasets\Alvaro\Floresta-3-20260714T215823Z-1-001\Floresta-3\train\images\IJ_08_25_52_0_0_png_jpg.rf.81f1bee7855ec26b106c05d110689d77.jpg
validation-train,0.9852005243301392,D:\Datasets\Alvaro\Floresta-3-20260714T215823Z-1-001\Floresta-3\test\images\IJ_08_25_51_0_0_png_jpg.rf.823448915474e0d64911bd2bc2fab1d5.jpg,D:\Datasets\Alvaro\Floresta-3-20260714T215823Z-1-001\Floresta-3\train\images\IJ_08_25_50_0_0_png_jpg.rf.c6d9442f05e7d08d88974c5043d06794.jpg
test-train,0.9851837158203125,D:\Datasets\Alvaro\Floresta-3-20260714T215823Z-1-001\Floresta-3\valid\images\Cafezal-01_MP4-6_jpg.rf.4588d22cdd598f01784c1f121f385604.jpg,D:\Datasets\Alvaro\Floresta-3-20260714T215823Z-1-001\Floresta-3\train\images\Cafezal-01_MP4-3_jpg.rf.1600e5edfdd412fde308c85ae9ccbd32.jpg
validation-train,0.9851547479629517,D:\Datasets\Alvaro\Floresta-3-20260714T215823Z-1-001\Floresta-3\test\images\IJ_08_25_62_2560_0_png_jpg.rf.a1c74a44fd7a1c5ce261812d86c4b6e1.jpg,D:\Datasets\Alvaro\Floresta-3-20260714T215823Z-1-001\Floresta-3\train\images\IJ_08_25_60_2560_0_png_jpg.rf.333e681c27b829882c9db1fdfd515c59.jpg
test-train,0.985123872756958,D:\Datasets\Alvaro\Floresta-3-20260714T215823Z-1-001\Floresta-3\valid\images\alina_118_jpg.rf.d36104956309c811f869955e9b8cfe6d.jpg,D:\Datasets\Alvaro\Floresta-3-20260714T215823Z-1-001\Floresta-3\train\images\alina_118_jpg.rf.5fc88739bec90ea16be4ca6e3ec6fc60.jpg
validation-train,0.9850342869758606,D:\Datasets\Alvaro\Floresta-3-20260714T215823Z-1-001\Floresta-3\test\images\alina_1110_jpg.rf.e28128e29d9b1e4dd36da6aff83859cc.jpg,D:\Datasets\Alvaro\Floresta-3-20260714T215823Z-1-001\Floresta-3\train\images\alina_118_jpg.rf.7b62fc5ee81934433e9b47f54ee18ede.jpg
validation-train,0.9849662780761719,D:\Datasets\Alvaro\Floresta-3-20260714T215823Z-1-001\Floresta-3\test\images\IJ_08_25_36_2560_0_png_jpg.rf.cbec1add57c99013895759bc8dbdcf06.jpg,D:\Datasets\Alvaro\Floresta-3-20260714T215823Z-1-001\Floresta-3\train\images\IJ_08_25_38_2560_0_png_jpg.rf.da9f84375297ef9864e8a15ef8f388aa.jpg
validation-train,0.9849417805671692,D:\Datasets\Alvaro\Floresta-3-20260714T215823Z-1-001\Floresta-3\test\images\ik_4_04501_png_jpg.rf.c82ee5f8067c1f0d2eef9be4f5008662.jpg,D:\Datasets\Alvaro\Floresta-3-20260714T215823Z-1-001\Floresta-3\train\images\ik_4_04501_png_jpg.rf.a0058755b26615bb33e32caed171b1cd.jpg
test-train,0.9848523139953613,D:\Datasets\Alvaro\Floresta-3-20260714T215823Z-1-001\Floresta-3\valid\images\evo4240_jpg.rf.2c1c72795cb735af0b2fea0e771e78bd.jpg,D:\Datasets\Alvaro\Floresta-3-20260714T215823Z-1-001\Floresta-3\train\images\evo4240_jpg.rf.62e381ec48028ab4d93a1d9b047b926a.jpg
validation-train,0.9847838878631592,D:\Datasets\Alvaro\Floresta-3-20260714T215823Z-1-001\Floresta-3\test\images\ik_4_02551_png_jpg.rf.9fbc368e68ede8ea4043c599a612c8cd.jpg,D:\Datasets\Alvaro\Floresta-3-20260714T215823Z-1-001\Floresta-3\train\images\ik_4_02551_png_jpg.rf.bb52d0488946450e794a511268de2c53.jpg
validation-train,0.9847222566604614,D:\Datasets\Alvaro\Floresta-3-20260714T215823Z-1-001\Floresta-3\test\images\alina_1111_jpg.rf.aab34247c2908c081297c7dcfdaeabcc.jpg,D:\Datasets\Alvaro\Floresta-3-20260714T215823Z-1-001\Floresta-3\train\images\alina_1113_jpg.rf.24ccfa52b5a048ef86551540acd3d1fe.jpg
test-train,0.9845799207687378,D:\Datasets\Alvaro\Floresta-3-20260714T215823Z-1-001\Floresta-3\valid\images\Cafezal-01_MP4-4_jpg.rf.5069f14f0ed3fa3d155b14af642be253.jpg,D:\Datasets\Alvaro\Floresta-3-20260714T215823Z-1-001\Floresta-3\train\images\Cafezal-01_MP4-8_jpg.rf.2d262d0c150a7144e65b6c5486a79c58.jpg
validation-train,0.9845444560050964,D:\Datasets\Alvaro\Floresta-3-20260714T215823Z-1-001\Floresta-3\test\images\IJ_08_25_40_2560_0_png_jpg.rf.7e714f76b6f326b4bd892869c515a0c6.jpg,D:\Datasets\Alvaro\Floresta-3-20260714T215823Z-1-001\Floresta-3\train\images\IJ_08_25_38_2560_0_png_jpg.rf.da9f84375297ef9864e8a15ef8f388aa.jpg
validation-train,0.984498143196106,D:\Datasets\Alvaro\Floresta-3-20260714T215823Z-1-001\Floresta-3\test\images\IJ_08_25_55_0_0_png_jpg.rf.9838bbc6a86272ae7eaf235ad3c84dca.jpg,D:\Datasets\Alvaro\Floresta-3-20260714T215823Z-1-001\Floresta-3\train\images\IJ_08_25_60_0_0_png_jpg.rf.ce07af7fc22e7046de150086deb33639.jpg
test-train,0.984426736831665,D:\Datasets\Alvaro\Floresta-3-20260714T215823Z-1-001\Floresta-3\valid\images\Cafezal-01_MP4-5_jpg.rf.00c6ab9c1cd533f5fb5bb38e106a57c4.jpg,D:\Datasets\Alvaro\Floresta-3-20260714T215823Z-1-001\Floresta-3\train\images\Cafezal-01_MP4-0_jpg.rf.1a45eea36c49929f163bd11d7d936eea.jpg
test-train,0.984376072883606,D:\Datasets\Alvaro\Floresta-3-20260714T215823Z-1-001\Floresta-3\valid\images\IJ_08_25_23_0_0_png_jpg.rf.53892f30ca71bc089173b36618d54756.jpg,D:\Datasets\Alvaro\Floresta-3-20260714T215823Z-1-001\Floresta-3\train\images\IJ_08_25_24_0_0_png_jpg.rf.d7ee8aecbdedb41a7d9b01b25af414ed.jpg
validation-train,0.984259843826294,D:\Datasets\Alvaro\Floresta-3-20260714T215823Z-1-001\Floresta-3\test\images\IJ_08_25_55_2560_0_png_jpg.rf.0f63d1fff3f34df6dc725e87317aac7d.jpg,D:\Datasets\Alvaro\Floresta-3-20260714T215823Z-1-001\Floresta-3\train\images\IJ_08_25_56_2560_0_png_jpg.rf.07160d814777d97c52fdcdfac521e1ef.jpg
validation-train,0.9842075705528259,D:\Datasets\Alvaro\Floresta-3-20260714T215823Z-1-001\Floresta-3\test\images\IJ_08_25_40_0_0_png_jpg.rf.14e6aadef253f89e3085cdd1e529b496.jpg,D:\Datasets\Alvaro\Floresta-3-20260714T215823Z-1-001\Floresta-3\train\images\IJ_08_25_41_0_0_png_jpg.rf.28cafd3141228de14cb6803325da0912.jpg
test-train,0.9841665625572205,D:\Datasets\Alvaro\Floresta-3-20260714T215823Z-1-001\Floresta-3\valid\images\alina_118_jpg.rf.d36104956309c811f869955e9b8cfe6d.jpg,D:\Datasets\Alvaro\Floresta-3-20260714T215823Z-1-001\Floresta-3\train\images\alina_118_jpg.rf.7b62fc5ee81934433e9b47f54ee18ede.jpg
test-train,0.9841284155845642,D:\Datasets\Alvaro\Floresta-3-20260714T215823Z-1-001\Floresta-3\valid\images\Cafezal-01_MP4-5_jpg.rf.00c6ab9c1cd533f5fb5bb38e106a57c4.jpg,D:\Datasets\Alvaro\Floresta-3-20260714T215823Z-1-001\Floresta-3\train\images\Cafezal-01_MP4-1_jpg.rf.684f4fbd04a63513b11bad9ee1feda88.jpg
test-train,0.9840178489685059,D:\Datasets\Alvaro\Floresta-3-20260714T215823Z-1-001\Floresta-3\valid\images\Cafezal-01_MP4-4_jpg.rf.2e96d538d02c4a86147960c3e1131c0e.jpg,D:\Datasets\Alvaro\Floresta-3-20260714T215823Z-1-001\Floresta-3\train\images\Cafezal-01_MP4-0_jpg.rf.82c2c773945bc92965ccadd5c441eb40.jpg
test-train,0.9838719367980957,D:\Datasets\Alvaro\Floresta-3-20260714T215823Z-1-001\Floresta-3\valid\images\IJ_08_25_28_0_0_png_jpg.rf.3f0b5cac9d31e459dc8d3826ab2bbe26.jpg,D:\Datasets\Alvaro\Floresta-3-20260714T215823Z-1-001\Floresta-3\train\images\IJ_08_25_27_0_0_png_jpg.rf.13ed5d16377289bb04b63dab74da35ad.jpg
test-train,0.983820915222168,D:\Datasets\Alvaro\Floresta-3-20260714T215823Z-1-001\Floresta-3\valid\images\Cafezal-01_MP4-6_jpg.rf.4588d22cdd598f01784c1f121f385604.jpg,D:\Datasets\Alvaro\Floresta-3-20260714T215823Z-1-001\Floresta-3\train\images\Cafezal-01_MP4-1_jpg.rf.684f4fbd04a63513b11bad9ee1feda88.jpg
validation-train,0.9838194847106934,D:\Datasets\Alvaro\Floresta-3-20260714T215823Z-1-001\Floresta-3\test\images\IJ_08_25_31_2560_880_png_jpg.rf.0b488569f7e700c83da18640cc1e4ca4.jpg,D:\Datasets\Alvaro\Floresta-3-20260714T215823Z-1-001\Floresta-3\train\images\IJ_08_25_32_2560_880_png_jpg.rf.3c7eb8c04cd21a67ca06a7981dfece47.jpg
validation-train,0.9837671518325806,D:\Datasets\Alvaro\Floresta-3-20260714T215823Z-1-001\Floresta-3\test\images\0-13-54_png_jpg.rf.c1933ca1e408ef1277b450b9f47f0718.jpg,D:\Datasets\Alvaro\Floresta-3-20260714T215823Z-1-001\Floresta-3\train\images\0-13-54_png_jpg.rf.71ed873d5a93e17064496cb9a96d3e57.jpg
test-train,0.9837666749954224,D:\Datasets\Alvaro\Floresta-3-20260714T215823Z-1-001\Floresta-3\valid\images\IJ_08_25_25_2560_0_png_jpg.rf.1cfb1c74a10fdbc1ec8bbca013f43bf5.jpg,D:\Datasets\Alvaro\Floresta-3-20260714T215823Z-1-001\Floresta-3\train\images\IJ_08_25_24_2560_0_png_jpg.rf.27c7850ea55f60488c32e3e9c6f29485.jpg
validation-train,0.983712911605835,D:\Datasets\Alvaro\Floresta-3-20260714T215823Z-1-001\Floresta-3\test\images\IJ_08_25_35_2560_0_png_jpg.rf.9f99476e46e0bb8acd40c882aa05da46.jpg,D:\Datasets\Alvaro\Floresta-3-20260714T215823Z-1-001\Floresta-3\train\images\IJ_08_25_38_2560_0_png_jpg.rf.da9f84375297ef9864e8a15ef8f388aa.jpg
test-train,0.983635425567627,D:\Datasets\Alvaro\Floresta-3-20260714T215823Z-1-001\Floresta-3\valid\images\IJ_08_25_27_2560_880_png_jpg.rf.952cd02e41402e372167633aa2c07e2d.jpg,D:\Datasets\Alvaro\Floresta-3-20260714T215823Z-1-001\Floresta-3\train\images\IJ_08_25_26_2560_880_png_jpg.rf.62f6bf176052df0c936f1500403751c1.jpg
validation-train,0.9835748672485352,D:\Datasets\Alvaro\Floresta-3-20260714T215823Z-1-001\Floresta-3\test\images\IJ_08_25_55_0_0_png_jpg.rf.9838bbc6a86272ae7eaf235ad3c84dca.jpg,D:\Datasets\Alvaro\Floresta-3-20260714T215823Z-1-001\Floresta-3\train\images\IJ_08_25_57_0_0_png_jpg.rf.cc9a1923fddc86bbad28eadce7efe6bf.jpg
test-train,0.9834716320037842,D:\Datasets\Alvaro\Floresta-3-20260714T215823Z-1-001\Floresta-3\valid\images\IJ_08_25_21_2560_880_png_jpg.rf.5df1a9d3f30d6da29ae99d052183b774.jpg,D:\Datasets\Alvaro\Floresta-3-20260714T215823Z-1-001\Floresta-3\train\images\IJ_08_25_22_2560_880_png_jpg.rf.126793e1366cd23424dec48bbbdbd8cf.jpg
test-train,0.9834194183349609,D:\Datasets\Alvaro\Floresta-3-20260714T215823Z-1-001\Floresta-3\valid\images\0-79-43_png_jpg.rf.fc5339dd60d71bf59a08d302462a32c7.jpg,D:\Datasets\Alvaro\Floresta-3-20260714T215823Z-1-001\Floresta-3\train\images\0-79-43_png_jpg.rf.f6d969c5d25ed39de517a328ba3b0761.jpg
test-train,0.9833970069885254,D:\Datasets\Alvaro\Floresta-3-20260714T215823Z-1-001\Floresta-3\valid\images\IJ_08_25_19_2560_0_png_jpg.rf.6bcf49045aa15683d9bec1b3ad8b7493.jpg,D:\Datasets\Alvaro\Floresta-3-20260714T215823Z-1-001\Floresta-3\train\images\IJ_08_25_20_2560_0_png_jpg.rf.18482e51cc065ef40f70d11fb56825d6.jpg
validation-train,0.9833447337150574,D:\Datasets\Alvaro\Floresta-3-20260714T215823Z-1-001\Floresta-3\test\images\IJ_08_25_35_2560_0_png_jpg.rf.9f99476e46e0bb8acd40c882aa05da46.jpg,D:\Datasets\Alvaro\Floresta-3-20260714T215823Z-1-001\Floresta-3\train\images\IJ_08_25_34_2560_0_png_jpg.rf.e0e03144fd11c11d2608cdda042246a5.jpg
validation-train,0.9832914471626282,D:\Datasets\Alvaro\Floresta-3-20260714T215823Z-1-001\Floresta-3\test\images\alina_1110_jpg.rf.93a3406dac28d715f1e5a8cf689d4d84.jpg,D:\Datasets\Alvaro\Floresta-3-20260714T215823Z-1-001\Floresta-3\train\images\alina_1112_jpg.rf.95e9a511b2da6c3cb5cbc31ac88c0347.jpg
test-train,0.9832655191421509,D:\Datasets\Alvaro\Floresta-3-20260714T215823Z-1-001\Floresta-3\valid\images\IJ_08_25_19_2560_0_png_jpg.rf.6bcf49045aa15683d9bec1b3ad8b7493.jpg,D:\Datasets\Alvaro\Floresta-3-20260714T215823Z-1-001\Floresta-3\train\images\IJ_08_25_22_2560_0_png_jpg.rf.6ed909896af0ae411cc7289d55861b6e.jpg
validation-test,0.983252227306366,D:\Datasets\Alvaro\Floresta-3-20260714T215823Z-1-001\Floresta-3\test\images\alina_1110_jpg.rf.e28128e29d9b1e4dd36da6aff83859cc.jpg,D:\Datasets\Alvaro\Floresta-3-20260714T215823Z-1-001\Floresta-3\valid\images\alina_118_jpg.rf.d36104956309c811f869955e9b8cfe6d.jpg
validation-train,0.9831973910331726,D:\Datasets\Alvaro\Floresta-3-20260714T215823Z-1-001\Floresta-3\test\images\ik_4_04201_png_jpg.rf.48c723c5b5cc5331653a2dcbed00f1de.jpg,D:\Datasets\Alvaro\Floresta-3-20260714T215823Z-1-001\Floresta-3\train\images\ik_4_04201_png_jpg.rf.0bdb612492faf0879235466144c001d0.jpg
test-train,0.9831794500350952,D:\Datasets\Alvaro\Floresta-3-20260714T215823Z-1-001\Floresta-3\valid\images\Cafezal-01_MP4-6_jpg.rf.4588d22cdd598f01784c1f121f385604.jpg,D:\Datasets\Alvaro\Floresta-3-20260714T215823Z-1-001\Floresta-3\train\images\Cafezal-01_MP4-2_jpg.rf.d72b4dae44bda1bf4ae54e651215e691.jpg
validation-train,0.9831430912017822,D:\Datasets\Alvaro\Floresta-3-20260714T215823Z-1-001\Floresta-3\test\images\aml749_jpg.rf.5682d67bfb29aa2139b973d2152a774d.jpg,D:\Datasets\Alvaro\Floresta-3-20260714T215823Z-1-001\Floresta-3\train\images\aml749_jpg.rf.e95c37358165b6318d44d55eb8a9573e.jpg
test-train,0.9830807447433472,D:\Datasets\Alvaro\Floresta-3-20260714T215823Z-1-001\Floresta-3\valid\images\1-3-6_png_jpg.rf.0454de12c5a6203faa5bea78253770d3.jpg,D:\Datasets\Alvaro\Floresta-3-20260714T215823Z-1-001\Floresta-3\train\images\1-3-6_png_jpg.rf.4c26b8668ed0eed21df0f0fbe9ce042b.jpg
validation-train,0.9830594062805176,D:\Datasets\Alvaro\Floresta-3-20260714T215823Z-1-001\Floresta-3\test\images\alina_824_jpg.rf.ecd1a51eefe19102d92788be6012c898.jpg,D:\Datasets\Alvaro\Floresta-3-20260714T215823Z-1-001\Floresta-3\train\images\alina_824_jpg.rf.a7dc88ea7007982b983117adedecbe87.jpg
validation-train,0.9830251336097717,D:\Datasets\Alvaro\Floresta-3-20260714T215823Z-1-001\Floresta-3\test\images\IJ_08_25_32_0_0_png_jpg.rf.f279fc70da0fe3f575bdcfd7fa67ab13.jpg,D:\Datasets\Alvaro\Floresta-3-20260714T215823Z-1-001\Floresta-3\train\images\IJ_08_25_34_0_0_png_jpg.rf.89a061d68d8385e009ffa1edc07902e9.jpg
test-train,0.9828687906265259,D:\Datasets\Alvaro\Floresta-3-20260714T215823Z-1-001\Floresta-3\valid\images\IJ_08_25_20_2560_880_png_jpg.rf.297f1db3a9d87591e2dda4fde3da2841.jpg,D:\Datasets\Alvaro\Floresta-3-20260714T215823Z-1-001\Floresta-3\train\images\IJ_08_25_19_2560_880_png_jpg.rf.d2368c3233d0be5e37967d47509c9911.jpg
test-train,0.9828014373779297,D:\Datasets\Alvaro\Floresta-3-20260714T215823Z-1-001\Floresta-3\valid\images\Cafezal-01_MP4-7_jpg.rf.3070a21c403e64c272150b0f3cc858d2.jpg,D:\Datasets\Alvaro\Floresta-3-20260714T215823Z-1-001\Floresta-3\train\images\Cafezal-01_MP4-3_jpg.rf.1600e5edfdd412fde308c85ae9ccbd32.jpg
validation-train,0.9827738404273987,D:\Datasets\Alvaro\Floresta-3-20260714T215823Z-1-001\Floresta-3\test\images\evo1109_jpg.rf.d3cef7325551fc4afdfa7b4b4cf6e9e3.jpg,D:\Datasets\Alvaro\Floresta-3-20260714T215823Z-1-001\Floresta-3\train\images\evo1105_jpg.rf.f204e3980fa11c74d51eed6ae55c466c.jpg
test-train,0.9827356338500977,D:\Datasets\Alvaro\Floresta-3-20260714T215823Z-1-001\Floresta-3\valid\images\evo4248_jpg.rf.b97c9103dcfe3ad7665fb513be1f8d45.jpg,D:\Datasets\Alvaro\Floresta-3-20260714T215823Z-1-001\Floresta-3\train\images\ik_4_02701_png_jpg.rf.ff1bfcd3ef8d9cd5e0437ef517ecfa38.jpg
validation-train,0.9826835989952087,D:\Datasets\Alvaro\Floresta-3-20260714T215823Z-1-001\Floresta-3\test\images\IJ_08_25_56_0_0_png_jpg.rf.41cae8b27dc5ad5c3dd95b67ae2b39cb.jpg,D:\Datasets\Alvaro\Floresta-3-20260714T215823Z-1-001\Floresta-3\train\images\IJ_08_25_54_0_0_png_jpg.rf.e86a57b125d32478b82484ec75e90aa6.jpg
test-train,0.9826381206512451,D:\Datasets\Alvaro\Floresta-3-20260714T215823Z-1-001\Floresta-3\valid\images\IJ_08_25_19_2560_0_png_jpg.rf.6bcf49045aa15683d9bec1b3ad8b7493.jpg,D:\Datasets\Alvaro\Floresta-3-20260714T215823Z-1-001\Floresta-3\train\images\IJ_08_25_18_2560_0_png_jpg.rf.088a14462dd19ff8809822a738376dd2.jpg
test-train,0.9826035499572754,D:\Datasets\Alvaro\Floresta-3-20260714T215823Z-1-001\Floresta-3\valid\images\Cafezal-01_MP4-7_jpg.rf.3070a21c403e64c272150b0f3cc858d2.jpg,D:\Datasets\Alvaro\Floresta-3-20260714T215823Z-1-001\Floresta-3\train\images\Cafezal-01_MP4-1_jpg.rf.684f4fbd04a63513b11bad9ee1feda88.jpg
validation-train,0.9825845956802368,D:\Datasets\Alvaro\Floresta-3-20260714T215823Z-1-001\Floresta-3\test\images\IJ_08_25_55_0_0_png_jpg.rf.9838bbc6a86272ae7eaf235ad3c84dca.jpg,D:\Datasets\Alvaro\Floresta-3-20260714T215823Z-1-001\Floresta-3\train\images\IJ_08_25_58_0_0_png_jpg.rf.f4aab8f47c85f5f01098806eb299e343.jpg
validation-test,0.9825571775436401,D:\Datasets\Alvaro\Floresta-3-20260714T215823Z-1-001\Floresta-3\test\images\alina_1110_jpg.rf.e28128e29d9b1e4dd36da6aff83859cc.jpg,D:\Datasets\Alvaro\Floresta-3-20260714T215823Z-1-001\Floresta-3\valid\images\alina_1110_jpg.rf.922d022db7a11587c493a33eaa3536a4.jpg
test-train,0.9825527667999268,D:\Datasets\Alvaro\Floresta-3-20260714T215823Z-1-001\Floresta-3\valid\images\0-46-14_png_jpg.rf.bdb7fc6409c38f72f4fd404efd7d19c2.jpg,D:\Datasets\Alvaro\Floresta-3-20260714T215823Z-1-001\Floresta-3\train\images\0-46-14_png_jpg.rf.558d1bfa22144a59bd1fc8b531275558.jpg
test-train,0.9825136661529541,D:\Datasets\Alvaro\Floresta-3-20260714T215823Z-1-001\Floresta-3\valid\images\0-79-43_png_jpg.rf.fc5339dd60d71bf59a08d302462a32c7.jpg,D:\Datasets\Alvaro\Floresta-3-20260714T215823Z-1-001\Floresta-3\train\images\0-79-43_png_jpg.rf.bc84be99393c131218b1c2f0291f9331.jpg
validation-train,0.9824689626693726,D:\Datasets\Alvaro\Floresta-3-20260714T215823Z-1-001\Floresta-3\test\images\ik_4_05451_png_jpg.rf.b8b92c5c4398e61bbbeca78655183682.jpg,D:\Datasets\Alvaro\Floresta-3-20260714T215823Z-1-001\Floresta-3\train\images\ik_4_05451_png_jpg.rf.47c48f9de1ed3b639db459f6c462e22b.jpg
test-train,0.9824445247650146,D:\Datasets\Alvaro\Floresta-3-20260714T215823Z-1-001\Floresta-3\valid\images\0-76-1_png_jpg.rf.bfd317d4e0fc85903372f6acd685d56b.jpg,D:\Datasets\Alvaro\Floresta-3-20260714T215823Z-1-001\Floresta-3\train\images\0-76-1_png_jpg.rf.98297e0a0dfd5cdd0f8ba404b768adf6.jpg
validation-train,0.9824323654174805,D:\Datasets\Alvaro\Floresta-3-20260714T215823Z-1-001\Floresta-3\test\images\IJ_08_25_47_0_0_png_jpg.rf.55efee040682bedffddbc7f31ec6bfb2.jpg,D:\Datasets\Alvaro\Floresta-3-20260714T215823Z-1-001\Floresta-3\train\images\IJ_08_25_48_0_0_png_jpg.rf.65bc7ac53d3ff05be2a6201f864a6be0.jpg
validation-train,0.9823974967002869,D:\Datasets\Alvaro\Floresta-3-20260714T215823Z-1-001\Floresta-3\test\images\IJ_08_25_55_2560_0_png_jpg.rf.0f63d1fff3f34df6dc725e87317aac7d.jpg,D:\Datasets\Alvaro\Floresta-3-20260714T215823Z-1-001\Floresta-3\train\images\IJ_08_25_51_2560_0_png_jpg.rf.35320727e9a729edca063ec0f1bc7dc2.jpg
validation-train,0.9823920726776123,D:\Datasets\Alvaro\Floresta-3-20260714T215823Z-1-001\Floresta-3\test\images\IJ_08_25_33_2560_880_png_jpg.rf.9fd96891a5327883473abb65330056d4.jpg,D:\Datasets\Alvaro\Floresta-3-20260714T215823Z-1-001\Floresta-3\train\images\IJ_08_25_34_2560_880_png_jpg.rf.0cea937b2f03d94429a3985f1e2fb96f.jpg
validation-train,0.9823682308197021,D:\Datasets\Alvaro\Floresta-3-20260714T215823Z-1-001\Floresta-3\test\images\IJ_08_25_40_0_0_png_jpg.rf.14e6aadef253f89e3085cdd1e529b496.jpg,D:\Datasets\Alvaro\Floresta-3-20260714T215823Z-1-001\Floresta-3\train\images\IJ_08_25_39_0_0_png_jpg.rf.6dff5cd48f24f1de03b0f6bdebe7f3b4.jpg
test-train,0.9823033809661865,D:\Datasets\Alvaro\Floresta-3-20260714T215823Z-1-001\Floresta-3\valid\images\alina142_jpg.rf.35eeac30aaab0212a8175f4e53d3cb1a.jpg,D:\Datasets\Alvaro\Floresta-3-20260714T215823Z-1-001\Floresta-3\train\images\alina144_jpg.rf.3ba16c7b5252960068c6742c6baefdbd.jpg
test-train,0.9822971820831299,D:\Datasets\Alvaro\Floresta-3-20260714T215823Z-1-001\Floresta-3\valid\images\aml437_jpg.rf.6e05262b54411f1b46278f361488df28.jpg,D:\Datasets\Alvaro\Floresta-3-20260714T215823Z-1-001\Floresta-3\train\images\aml437_jpg.rf.ee07c964b7a5198f4f4e0dc6abd4220d.jpg
test-train,0.9822764992713928,D:\Datasets\Alvaro\Floresta-3-20260714T215823Z-1-001\Floresta-3\valid\images\Cafezal-01_MP4-7_jpg.rf.3070a21c403e64c272150b0f3cc858d2.jpg,D:\Datasets\Alvaro\Floresta-3-20260714T215823Z-1-001\Floresta-3\train\images\Cafezal-01_MP4-2_jpg.rf.d72b4dae44bda1bf4ae54e651215e691.jpg
validation-train,0.9822732210159302,D:\Datasets\Alvaro\Floresta-3-20260714T215823Z-1-001\Floresta-3\test\images\IJ_08_25_36_0_0_png_jpg.rf.093124dae5e9e2fbea0afa9ca0b5af41.jpg,D:\Datasets\Alvaro\Floresta-3-20260714T215823Z-1-001\Floresta-3\train\images\IJ_08_25_39_0_0_png_jpg.rf.6dff5cd48f24f1de03b0f6bdebe7f3b4.jpg
validation-train,0.9822723269462585,D:\Datasets\Alvaro\Floresta-3-20260714T215823Z-1-001\Floresta-3\test\images\IJ_08_25_32_2560_0_png_jpg.rf.b979827c297640cc8fbe919a33817283.jpg,D:\Datasets\Alvaro\Floresta-3-20260714T215823Z-1-001\Floresta-3\train\images\IJ_08_25_31_2560_0_png_jpg.rf.81eb6321e3928ca90937af89a35642f0.jpg
validation-train,0.9822717308998108,D:\Datasets\Alvaro\Floresta-3-20260714T215823Z-1-001\Floresta-3\test\images\ik_4_03001_png_jpg.rf.206ebe0c457bb286fd658af1f969f89a.jpg,D:\Datasets\Alvaro\Floresta-3-20260714T215823Z-1-001\Floresta-3\train\images\ik_4_03001_png_jpg.rf.1ae8d5a581c65ebb840402a1c64a9487.jpg
validation-train,0.9822663068771362,D:\Datasets\Alvaro\Floresta-3-20260714T215823Z-1-001\Floresta-3\test\images\IJ_08_25_47_0_0_png_jpg.rf.55efee040682bedffddbc7f31ec6bfb2.jpg,D:\Datasets\Alvaro\Floresta-3-20260714T215823Z-1-001\Floresta-3\train\images\IJ_08_25_50_0_0_png_jpg.rf.c6d9442f05e7d08d88974c5043d06794.jpg
test-train,0.9822505712509155,D:\Datasets\Alvaro\Floresta-3-20260714T215823Z-1-001\Floresta-3\valid\images\alina_131_jpg.rf.e64951241bf7bb9c8c5ead8a1daaf875.jpg,D:\Datasets\Alvaro\Floresta-3-20260714T215823Z-1-001\Floresta-3\train\images\alina_130_jpg.rf.1bccb022ee39a4cc4586f93748193101.jpg
test-train,0.9821617007255554,D:\Datasets\Alvaro\Floresta-3-20260714T215823Z-1-001\Floresta-3\valid\images\evo4201_jpg.rf.e8cd4a63ca140b5afcae33b9b1f302fa.jpg,D:\Datasets\Alvaro\Floresta-3-20260714T215823Z-1-001\Floresta-3\train\images\evo4201_jpg.rf.1e93119c3dca49d33daae5b804e563cf.jpg
test-train,0.9821385741233826,D:\Datasets\Alvaro\Floresta-3-20260714T215823Z-1-001\Floresta-3\valid\images\Cafezal-01_MP4-6_jpg.rf.4588d22cdd598f01784c1f121f385604.jpg,D:\Datasets\Alvaro\Floresta-3-20260714T215823Z-1-001\Floresta-3\train\images\Cafezal-01_MP4-10_jpg.rf.f2741d72b878253b02c8191cd8ae1056.jpg
validation-train,0.9820999503135681,D:\Datasets\Alvaro\Floresta-3-20260714T215823Z-1-001\Floresta-3\test\images\IJ_08_25_38_0_0_png_jpg.rf.a0c752614a575bc93e8d2d77b40550b0.jpg,D:\Datasets\Alvaro\Floresta-3-20260714T215823Z-1-001\Floresta-3\train\images\IJ_08_25_39_0_0_png_jpg.rf.6dff5cd48f24f1de03b0f6bdebe7f3b4.jpg
validation-train,0.9820662140846252,D:\Datasets\Alvaro\Floresta-3-20260714T215823Z-1-001\Floresta-3\test\images\IJ_08_25_59_2560_0_png_jpg.rf.4aca07ce0e7ad3ce325830d1214b5c9f.jpg,D:\Datasets\Alvaro\Floresta-3-20260714T215823Z-1-001\Floresta-3\train\images\IJ_08_25_60_2560_0_png_jpg.rf.333e681c27b829882c9db1fdfd515c59.jpg
test-train,0.9820259809494019,D:\Datasets\Alvaro\Floresta-3-20260714T215823Z-1-001\Floresta-3\valid\images\Cafezal-01_MP4-6_jpg.rf.4588d22cdd598f01784c1f121f385604.jpg,D:\Datasets\Alvaro\Floresta-3-20260714T215823Z-1-001\Floresta-3\train\images\Cafezal-01_MP4-0_jpg.rf.1a45eea36c49929f163bd11d7d936eea.jpg
test-train,0.9820088744163513,D:\Datasets\Alvaro\Floresta-3-20260714T215823Z-1-001\Floresta-3\valid\images\IJ_08_25_28_0_0_png_jpg.rf.3f0b5cac9d31e459dc8d3826ab2bbe26.jpg,D:\Datasets\Alvaro\Floresta-3-20260714T215823Z-1-001\Floresta-3\train\images\IJ_08_25_29_0_0_png_jpg.rf.90e0f6351ff797155fe051ea74ccf244.jpg
validation-train,0.9819636344909668,D:\Datasets\Alvaro\Floresta-3-20260714T215823Z-1-001\Floresta-3\test\images\Cafezal-01_MP4-13_jpg.rf.e6c47ec64a0ae9b40a9f467a495d9d5e.jpg,D:\Datasets\Alvaro\Floresta-3-20260714T215823Z-1-001\Floresta-3\train\images\Cafezal-01_MP4-14_jpg.rf.402d8ea31456349aa7e7f5ca7e432dff.jpg
test-train,0.9818764328956604,D:\Datasets\Alvaro\Floresta-3-20260714T215823Z-1-001\Floresta-3\valid\images\IJ_08_25_23_0_0_png_jpg.rf.53892f30ca71bc089173b36618d54756.jpg,D:\Datasets\Alvaro\Floresta-3-20260714T215823Z-1-001\Floresta-3\train\images\IJ_08_25_22_0_0_png_jpg.rf.c28a0c96941452ef20228e55041bafbd.jpg
validation-train,0.981833279132843,D:\Datasets\Alvaro\Floresta-3-20260714T215823Z-1-001\Floresta-3\test\images\IJ_08_25_47_0_0_png_jpg.rf.55efee040682bedffddbc7f31ec6bfb2.jpg,D:\Datasets\Alvaro\Floresta-3-20260714T215823Z-1-001\Floresta-3\train\images\IJ_08_25_46_0_0_png_jpg.rf.4ed493de6acde3e0b57e491f924d4dd5.jpg
test-train,0.9818320274353027,D:\Datasets\Alvaro\Floresta-3-20260714T215823Z-1-001\Floresta-3\valid\images\IJ_08_25_23_2560_880_png_jpg.rf.5264c872e0c2f05f786a633c122f640f.jpg,D:\Datasets\Alvaro\Floresta-3-20260714T215823Z-1-001\Floresta-3\train\images\IJ_08_25_22_2560_880_png_jpg.rf.126793e1366cd23424dec48bbbdbd8cf.jpg
validation-train,0.9817689061164856,D:\Datasets\Alvaro\Floresta-3-20260714T215823Z-1-001\Floresta-3\test\images\Cafezal-01_MP4-46_jpg.rf.50b082292e12f209134a6165a9e5f21c.jpg,D:\Datasets\Alvaro\Floresta-3-20260714T215823Z-1-001\Floresta-3\train\images\Cafezal-01_MP4-47_jpg.rf.171bbb24a29bbded66e1d87c5f4ee47a.jpg
validation-train,0.9817322492599487,D:\Datasets\Alvaro\Floresta-3-20260714T215823Z-1-001\Floresta-3\test\images\IJ_08_25_44_2560_0_png_jpg.rf.a401051ea7a4d1542a611baf5fa40ef5.jpg,D:\Datasets\Alvaro\Floresta-3-20260714T215823Z-1-001\Floresta-3\train\images\IJ_08_25_43_2560_0_png_jpg.rf.4265e97bcb89231910b16efc3b841510.jpg
validation-train,0.9817280173301697,D:\Datasets\Alvaro\Floresta-3-20260714T215823Z-1-001\Floresta-3\test\images\ik_4_03101_png_jpg.rf.749442c725c1902ad8b494cce5ed80cd.jpg,D:\Datasets\Alvaro\Floresta-3-20260714T215823Z-1-001\Floresta-3\train\images\ik_4_03101_png_jpg.rf.ef0a78b2033bab27a3cfcb0f26d5d025.jpg
test-train,0.9817279577255249,D:\Datasets\Alvaro\Floresta-3-20260714T215823Z-1-001\Floresta-3\valid\images\evo1105_jpg.rf.24309bced3c9954f69c4e43ed6044f85.jpg,D:\Datasets\Alvaro\Floresta-3-20260714T215823Z-1-001\Floresta-3\train\images\evo1105_jpg.rf.f204e3980fa11c74d51eed6ae55c466c.jpg
test-train,0.9816707968711853,D:\Datasets\Alvaro\Floresta-3-20260714T215823Z-1-001\Floresta-3\valid\images\0-79-43_png_jpg.rf.fc5339dd60d71bf59a08d302462a32c7.jpg,D:\Datasets\Alvaro\Floresta-3-20260714T215823Z-1-001\Floresta-3\train\images\0-79-43_png_jpg.rf.ef17542b999c54911216f5b2d92b7a30.jpg
test-train,0.981670618057251,D:\Datasets\Alvaro\Floresta-3-20260714T215823Z-1-001\Floresta-3\valid\images\IJ_08_25_23_2560_880_png_jpg.rf.5264c872e0c2f05f786a633c122f640f.jpg,D:\Datasets\Alvaro\Floresta-3-20260714T215823Z-1-001\Floresta-3\train\images\IJ_08_25_24_2560_880_png_jpg.rf.fd11711f7530164a04ac6c600a18e9ab.jpg
validation-train,0.9816694259643555,D:\Datasets\Alvaro\Floresta-3-20260714T215823Z-1-001\Floresta-3\test\images\IJ_08_25_40_2560_0_png_jpg.rf.7e714f76b6f326b4bd892869c515a0c6.jpg,D:\Datasets\Alvaro\Floresta-3-20260714T215823Z-1-001\Floresta-3\train\images\IJ_08_25_46_2560_0_png_jpg.rf.7f09250910ebe5d32fe5eec4ab2d7bca.jpg
test-train,0.9816669225692749,D:\Datasets\Alvaro\Floresta-3-20260714T215823Z-1-001\Floresta-3\valid\images\IJ_08_25_25_2560_0_png_jpg.rf.1cfb1c74a10fdbc1ec8bbca013f43bf5.jpg,D:\Datasets\Alvaro\Floresta-3-20260714T215823Z-1-001\Floresta-3\train\images\IJ_08_25_30_2560_0_png_jpg.rf.e55e5b371fbffe72725cec0d56968e9e.jpg
validation-train,0.981658935546875,D:\Datasets\Alvaro\Floresta-3-20260714T215823Z-1-001\Floresta-3\test\images\ik_4_02551_png_jpg.rf.9fbc368e68ede8ea4043c599a612c8cd.jpg,D:\Datasets\Alvaro\Floresta-3-20260714T215823Z-1-001\Floresta-3\train\images\evo4232_jpg.rf.a333ff95c3182985b8f1336e647f68f0.jpg
validation-train,0.9816334247589111,D:\Datasets\Alvaro\Floresta-3-20260714T215823Z-1-001\Floresta-3\test\images\IJ_08_25_51_0_0_png_jpg.rf.823448915474e0d64911bd2bc2fab1d5.jpg,D:\Datasets\Alvaro\Floresta-3-20260714T215823Z-1-001\Floresta-3\train\images\IJ_08_25_53_0_0_png_jpg.rf.0436399fe799ea35a82bb0926346301e.jpg
validation-train,0.9815812110900879,D:\Datasets\Alvaro\Floresta-3-20260714T215823Z-1-001\Floresta-3\test\images\evo1109_jpg.rf.d3cef7325551fc4afdfa7b4b4cf6e9e3.jpg,D:\Datasets\Alvaro\Floresta-3-20260714T215823Z-1-001\Floresta-3\train\images\evo1109_jpg.rf.b18b0cfc16c9fe90134c1219f72c8c35.jpg
validation-train,0.9815644025802612,D:\Datasets\Alvaro\Floresta-3-20260714T215823Z-1-001\Floresta-3\test\images\IJ_08_25_61_0_0_png_jpg.rf.395681de25b063c0bb7651094a39370d.jpg,D:\Datasets\Alvaro\Floresta-3-20260714T215823Z-1-001\Floresta-3\train\images\IJ_08_25_60_0_0_png_jpg.rf.ce07af7fc22e7046de150086deb33639.jpg
validation-test,0.981525182723999,D:\Datasets\Alvaro\Floresta-3-20260714T215823Z-1-001\Floresta-3\test\images\ik_4_02651_png_jpg.rf.f0f3eb9749a1c9b066750506f5e11662.jpg,D:\Datasets\Alvaro\Floresta-3-20260714T215823Z-1-001\Floresta-3\valid\images\evo4244_jpg.rf.3d1895d10464db80c20b0ab741e6d5bc.jpg
validation-train,0.9814833402633667,D:\Datasets\Alvaro\Floresta-3-20260714T215823Z-1-001\Floresta-3\test\images\IJ_08_25_40_2560_0_png_jpg.rf.7e714f76b6f326b4bd892869c515a0c6.jpg,D:\Datasets\Alvaro\Floresta-3-20260714T215823Z-1-001\Floresta-3\train\images\IJ_08_25_43_2560_0_png_jpg.rf.4265e97bcb89231910b16efc3b841510.jpg
validation-train,0.9814440011978149,D:\Datasets\Alvaro\Floresta-3-20260714T215823Z-1-001\Floresta-3\test\images\IJ_08_25_59_2560_0_png_jpg.rf.4aca07ce0e7ad3ce325830d1214b5c9f.jpg,D:\Datasets\Alvaro\Floresta-3-20260714T215823Z-1-001\Floresta-3\train\images\IJ_08_25_58_2560_0_png_jpg.rf.848a3d126aa9fd961876f76e9cf131f9.jpg
validation-train,0.9814187288284302,D:\Datasets\Alvaro\Floresta-3-20260714T215823Z-1-001\Floresta-3\test\images\IJ_08_25_55_0_0_png_jpg.rf.9838bbc6a86272ae7eaf235ad3c84dca.jpg,D:\Datasets\Alvaro\Floresta-3-20260714T215823Z-1-001\Floresta-3\train\images\IJ_08_25_59_0_0_png_jpg.rf.a26de4f4e10d1a5cc3fa8b161968cd37.jpg
validation-train,0.9814057946205139,D:\Datasets\Alvaro\Floresta-3-20260714T215823Z-1-001\Floresta-3\test\images\0-64-40_png_jpg.rf.b9dcd111d89fe0df4ffcf4a3c0da3817.jpg,D:\Datasets\Alvaro\Floresta-3-20260714T215823Z-1-001\Floresta-3\train\images\0-64-40_png_jpg.rf.1217ddd1d86518071f3427b9321024b0.jpg
validation-train,0.981401801109314,D:\Datasets\Alvaro\Floresta-3-20260714T215823Z-1-001\Floresta-3\test\images\alina_1110_jpg.rf.93a3406dac28d715f1e5a8cf689d4d84.jpg,D:\Datasets\Alvaro\Floresta-3-20260714T215823Z-1-001\Floresta-3\train\images\alina_1113_jpg.rf.4795cf5140ae173a004368e3b20dd70b.jpg
validation-train,0.9813129901885986,D:\Datasets\Alvaro\Floresta-3-20260714T215823Z-1-001\Floresta-3\test\images\IJ_08_25_32_0_0_png_jpg.rf.70652b2a5682771580a137a042df612a.jpg,D:\Datasets\Alvaro\Floresta-3-20260714T215823Z-1-001\Floresta-3\train\images\IJ_08_25_32_0_0_png_jpg.rf.dffbc3005f34de0a1946c9afb958fd58.jpg
test-train,0.9812934994697571,D:\Datasets\Alvaro\Floresta-3-20260714T215823Z-1-001\Floresta-3\valid\images\IJ_08_25_29_0_0_png_jpg.rf.21eb6dec22036ed00b48cce1637f171a.jpg,D:\Datasets\Alvaro\Floresta-3-20260714T215823Z-1-001\Floresta-3\train\images\IJ_08_25_24_0_0_png_jpg.rf.439f9fa57fb95c63a53e29f54d55ac9c.jpg
validation-train,0.9812830686569214,D:\Datasets\Alvaro\Floresta-3-20260714T215823Z-1-001\Floresta-3\test\images\2aml301_jpg.rf.c5eefa2436bfb40a07b5b5cddcdf14d1.jpg,D:\Datasets\Alvaro\Floresta-3-20260714T215823Z-1-001\Floresta-3\train\images\2aml301_jpg.rf.7fca4250b775c9eb5e38393b89265b5e.jpg
test-train,0.9812415838241577,D:\Datasets\Alvaro\Floresta-3-20260714T215823Z-1-001\Floresta-3\valid\images\alina_1113_jpg.rf.5faed4b05ceb190d8faaeb607d8d9188.jpg,D:\Datasets\Alvaro\Floresta-3-20260714T215823Z-1-001\Floresta-3\train\images\alina_1112_jpg.rf.95e9a511b2da6c3cb5cbc31ac88c0347.jpg
validation-train,0.9812203645706177,D:\Datasets\Alvaro\Floresta-3-20260714T215823Z-1-001\Floresta-3\test\images\ik_4_02551_png_jpg.rf.9fbc368e68ede8ea4043c599a612c8cd.jpg,D:\Datasets\Alvaro\Floresta-3-20260714T215823Z-1-001\Floresta-3\train\images\evo4232_jpg.rf.584c5cfa7ee70c7189ff2c30f82393e6.jpg
validation-train,0.9811801910400391,D:\Datasets\Alvaro\Floresta-3-20260714T215823Z-1-001\Floresta-3\test\images\IJ_08_25_36_0_0_png_jpg.rf.093124dae5e9e2fbea0afa9ca0b5af41.jpg,D:\Datasets\Alvaro\Floresta-3-20260714T215823Z-1-001\Floresta-3\train\images\IJ_08_25_34_0_0_png_jpg.rf.89a061d68d8385e009ffa1edc07902e9.jpg
test-train,0.9811481833457947,D:\Datasets\Alvaro\Floresta-3-20260714T215823Z-1-001\Floresta-3\valid\images\2aml102_jpg.rf.43146e5b61d3f4a54cbf0c89e08eab59.jpg,D:\Datasets\Alvaro\Floresta-3-20260714T215823Z-1-001\Floresta-3\train\images\2aml102_jpg.rf.85a25b1b26a3f8bdc0ff84ee855bcc78.jpg
validation-train,0.9811357855796814,D:\Datasets\Alvaro\Floresta-3-20260714T215823Z-1-001\Floresta-3\test\images\IJ_08_25_39_2560_0_png_jpg.rf.f292f3bdffb6f481f6dcca4b29c212c7.jpg,D:\Datasets\Alvaro\Floresta-3-20260714T215823Z-1-001\Floresta-3\train\images\IJ_08_25_41_2560_0_png_jpg.rf.34d8e97e795cf78ae7ff32ebdd4f7507.jpg
validation-train,0.9809674024581909,D:\Datasets\Alvaro\Floresta-3-20260714T215823Z-1-001\Floresta-3\test\images\ik_4_02551_png_jpg.rf.9fbc368e68ede8ea4043c599a612c8cd.jpg,D:\Datasets\Alvaro\Floresta-3-20260714T215823Z-1-001\Floresta-3\train\images\ik_4_02551_png_jpg.rf.e0539c50ce0bb6c9a52f0dee8e04633b.jpg
validation-train,0.9809656143188477,D:\Datasets\Alvaro\Floresta-3-20260714T215823Z-1-001\Floresta-3\test\images\Cafezal-01_MP4-24_jpg.rf.66149aac83cf4b2e71caa2ef55fbc342.jpg,D:\Datasets\Alvaro\Floresta-3-20260714T215823Z-1-001\Floresta-3\train\images\Cafezal-01_MP4-23_jpg.rf.3d9950512b4fab12734b1d187d338b17.jpg
test-train,0.9809502363204956,D:\Datasets\Alvaro\Floresta-3-20260714T215823Z-1-001\Floresta-3\valid\images\IJ_08_25_02_0_0_png_jpg.rf.e06554d7ce9f369d5e05e3e99babaafb.jpg,D:\Datasets\Alvaro\Floresta-3-20260714T215823Z-1-001\Floresta-3\train\images\IJ_08_25_04_0_0_png_jpg.rf.b484fc096e33cb5e6a5f8b3d16680a66.jpg
validation-train,0.9808635115623474,D:\Datasets\Alvaro\Floresta-3-20260714T215823Z-1-001\Floresta-3\test\images\IJ_08_25_37_2560_0_png_jpg.rf.28741680dd6dd6a0569d56549918f9c7.jpg,D:\Datasets\Alvaro\Floresta-3-20260714T215823Z-1-001\Floresta-3\train\images\IJ_08_25_34_2560_0_png_jpg.rf.e0e03144fd11c11d2608cdda042246a5.jpg
test-train,0.9808534383773804,D:\Datasets\Alvaro\Floresta-3-20260714T215823Z-1-001\Floresta-3\valid\images\IJ_08_25_25_2560_880_png_jpg.rf.e8820e3eeac9a52de171871e2c562af4.jpg,D:\Datasets\Alvaro\Floresta-3-20260714T215823Z-1-001\Floresta-3\train\images\IJ_08_25_32_2560_880_png_jpg.rf.9577f87490a5e7d7c94fdef50bf8947e.jpg
validation-train,0.9808450937271118,D:\Datasets\Alvaro\Floresta-3-20260714T215823Z-1-001\Floresta-3\test\images\IJ_08_25_55_2560_0_png_jpg.rf.0f63d1fff3f34df6dc725e87317aac7d.jpg,D:\Datasets\Alvaro\Floresta-3-20260714T215823Z-1-001\Floresta-3\train\images\IJ_08_25_58_2560_0_png_jpg.rf.848a3d126aa9fd961876f76e9cf131f9.jpg
validation-train,0.9808065295219421,D:\Datasets\Alvaro\Floresta-3-20260714T215823Z-1-001\Floresta-3\test\images\alina_1110_jpg.rf.93a3406dac28d715f1e5a8cf689d4d84.jpg,D:\Datasets\Alvaro\Floresta-3-20260714T215823Z-1-001\Floresta-3\train\images\alina_1114_jpg.rf.5278ae258d3ea97fb7cec71f7afc5886.jpg
validation-train,0.9808048009872437,D:\Datasets\Alvaro\Floresta-3-20260714T215823Z-1-001\Floresta-3\test\images\alina_1110_jpg.rf.93a3406dac28d715f1e5a8cf689d4d84.jpg,D:\Datasets\Alvaro\Floresta-3-20260714T215823Z-1-001\Floresta-3\train\images\alina_1113_jpg.rf.24ccfa52b5a048ef86551540acd3d1fe.jpg
validation-train,0.9807941317558289,D:\Datasets\Alvaro\Floresta-3-20260714T215823Z-1-001\Floresta-3\test\images\alina_118_jpg.rf.76b43eed58d976fdaed5b315d52a442a.jpg,D:\Datasets\Alvaro\Floresta-3-20260714T215823Z-1-001\Floresta-3\train\images\alina_1110_jpg.rf.68041a4ea2bf33a9562caa7d57977315.jpg
test-train,0.9807789325714111,D:\Datasets\Alvaro\Floresta-3-20260714T215823Z-1-001\Floresta-3\valid\images\Cafezal-01_MP4-4_jpg.rf.2e96d538d02c4a86147960c3e1131c0e.jpg,D:\Datasets\Alvaro\Floresta-3-20260714T215823Z-1-001\Floresta-3\train\images\Cafezal-01_MP4-3_jpg.rf.241577703c2709933043396681d5825d.jpg
validation-train,0.9807548522949219,D:\Datasets\Alvaro\Floresta-3-20260714T215823Z-1-001\Floresta-3\test\images\IJ_08_25_33_2560_0_png_jpg.rf.902b471a8f999931edeab3b9361a3f00.jpg,D:\Datasets\Alvaro\Floresta-3-20260714T215823Z-1-001\Floresta-3\train\images\IJ_08_25_38_2560_0_png_jpg.rf.da9f84375297ef9864e8a15ef8f388aa.jpg
validation-train,0.9807341694831848,D:\Datasets\Alvaro\Floresta-3-20260714T215823Z-1-001\Floresta-3\test\images\IJ_08_25_43_2560_880_png_jpg.rf.9bab3fc7a0664ebed3ef289860d72f68.jpg,D:\Datasets\Alvaro\Floresta-3-20260714T215823Z-1-001\Floresta-3\train\images\IJ_08_25_41_2560_880_png_jpg.rf.5fc90cd5d9fd603239db3b8594bda60f.jpg
test-train,0.9807190895080566,D:\Datasets\Alvaro\Floresta-3-20260714T215823Z-1-001\Floresta-3\valid\images\IJ_08_25_06_2560_0_png_jpg.rf.d73501e28032e0097f7301a1816c65e5.jpg,D:\Datasets\Alvaro\Floresta-3-20260714T215823Z-1-001\Floresta-3\train\images\IJ_08_25_04_2560_0_png_jpg.rf.e01adf98ce0b30a94a10b4fffa591c34.jpg
test-train,0.9806928634643555,D:\Datasets\Alvaro\Floresta-3-20260714T215823Z-1-001\Floresta-3\valid\images\evo4248_jpg.rf.b97c9103dcfe3ad7665fb513be1f8d45.jpg,D:\Datasets\Alvaro\Floresta-3-20260714T215823Z-1-001\Floresta-3\train\images\evo4248_jpg.rf.e8a669d4513a8bd9aea9017b7b1b2491.jpg
validation-train,0.9806751012802124,D:\Datasets\Alvaro\Floresta-3-20260714T215823Z-1-001\Floresta-3\test\images\alina_1110_jpg.rf.93a3406dac28d715f1e5a8cf689d4d84.jpg,D:\Datasets\Alvaro\Floresta-3-20260714T215823Z-1-001\Floresta-3\train\images\alina_1112_jpg.rf.d91757c17bf59bc346dfe05a42fb1c17.jpg
validation-train,0.980574905872345,D:\Datasets\Alvaro\Floresta-3-20260714T215823Z-1-001\Floresta-3\test\images\100_0001_0016-5_jpg.rf.dec0bf078d5898064d6d07d9272449f0.jpg,D:\Datasets\Alvaro\Floresta-3-20260714T215823Z-1-001\Floresta-3\train\images\100_0001_0016-5_jpg.rf.d5e17de6da35f92fbb7d6b6011130619.jpg
validation-train,0.9805726408958435,D:\Datasets\Alvaro\Floresta-3-20260714T215823Z-1-001\Floresta-3\test\images\100_0001_0004-2_jpg.rf.8ffa884130c0aaadbe09567a86ea7da4.jpg,D:\Datasets\Alvaro\Floresta-3-20260714T215823Z-1-001\Floresta-3\train\images\100_0001_0004-2_jpg.rf.02dcd381f5eb29d0266fd8b926a5f27e.jpg
validation-train,0.9804950952529907,D:\Datasets\Alvaro\Floresta-3-20260714T215823Z-1-001\Floresta-3\test\images\IJ_08_25_42_2560_0_png_jpg.rf.d5a67860281054471a988dbebd21f9c6.jpg,D:\Datasets\Alvaro\Floresta-3-20260714T215823Z-1-001\Floresta-3\train\images\IJ_08_25_38_2560_0_png_jpg.rf.da9f84375297ef9864e8a15ef8f388aa.jpg
validation-train,0.980494499206543,D:\Datasets\Alvaro\Floresta-3-20260714T215823Z-1-001\Floresta-3\test\images\IJ_08_25_35_0_0_png_jpg.rf.34ee9423021c73e904dae5a84e666935.jpg,D:\Datasets\Alvaro\Floresta-3-20260714T215823Z-1-001\Floresta-3\train\images\IJ_08_25_34_0_0_png_jpg.rf.89a061d68d8385e009ffa1edc07902e9.jpg
validation-train,0.9804863929748535,D:\Datasets\Alvaro\Floresta-3-20260714T215823Z-1-001\Floresta-3\test\images\IJ_08_25_47_0_0_png_jpg.rf.62704b0c8dbbe520ed15d51b269bf267.jpg,D:\Datasets\Alvaro\Floresta-3-20260714T215823Z-1-001\Floresta-3\train\images\IJ_08_25_47_0_0_png_jpg.rf.9f205861888a0b11a220e5d9052d43ab.jpg
validation-test,0.9804544448852539,D:\Datasets\Alvaro\Floresta-3-20260714T215823Z-1-001\Floresta-3\test\images\aml437_jpg.rf.fcc9e161c3148ce859d33254178c2d38.jpg,D:\Datasets\Alvaro\Floresta-3-20260714T215823Z-1-001\Floresta-3\valid\images\aml437_jpg.rf.6e05262b54411f1b46278f361488df28.jpg
test-train,0.9804283380508423,D:\Datasets\Alvaro\Floresta-3-20260714T215823Z-1-001\Floresta-3\valid\images\Cafezal-01_MP4-62_jpg.rf.fde38a56da76678f496762cf6451ef4b.jpg,D:\Datasets\Alvaro\Floresta-3-20260714T215823Z-1-001\Floresta-3\train\images\Cafezal-01_MP4-61_jpg.rf.a9882302e6c7d4c337195535e0985b6d.jpg
validation-test,0.9803581237792969,D:\Datasets\Alvaro\Floresta-3-20260714T215823Z-1-001\Floresta-3\test\images\alina_1110_jpg.rf.e28128e29d9b1e4dd36da6aff83859cc.jpg,D:\Datasets\Alvaro\Floresta-3-20260714T215823Z-1-001\Floresta-3\valid\images\alina_118_jpg.rf.d6b3c78282edfe5a93d6808419923b22.jpg
test-train,0.9803394675254822,D:\Datasets\Alvaro\Floresta-3-20260714T215823Z-1-001\Floresta-3\valid\images\0-46-10_png_jpg.rf.0b37954e03c303a08c8812ba3b276c3f.jpg,D:\Datasets\Alvaro\Floresta-3-20260714T215823Z-1-001\Floresta-3\train\images\0-46-10_png_jpg.rf.fa5c7e5a3de6dbb6ffac227fde4656c6.jpg
test-train,0.9802827835083008,D:\Datasets\Alvaro\Floresta-3-20260714T215823Z-1-001\Floresta-3\valid\images\2aml313_jpg.rf.24c9b7c9451a54a588d5fd977857e1a1.jpg,D:\Datasets\Alvaro\Floresta-3-20260714T215823Z-1-001\Floresta-3\train\images\2aml313_jpg.rf.baf9c909040f9105e89ac61fb6c0117d.jpg
test-train,0.9802594184875488,D:\Datasets\Alvaro\Floresta-3-20260714T215823Z-1-001\Floresta-3\valid\images\IJ_08_25_21_2560_880_png_jpg.rf.5df1a9d3f30d6da29ae99d052183b774.jpg,D:\Datasets\Alvaro\Floresta-3-20260714T215823Z-1-001\Floresta-3\train\images\IJ_08_25_24_2560_880_png_jpg.rf.fd11711f7530164a04ac6c600a18e9ab.jpg
test-train,0.9801803827285767,D:\Datasets\Alvaro\Floresta-3-20260714T215823Z-1-001\Floresta-3\valid\images\alina_1110_jpg.rf.922d022db7a11587c493a33eaa3536a4.jpg,D:\Datasets\Alvaro\Floresta-3-20260714T215823Z-1-001\Floresta-3\train\images\alina_118_jpg.rf.955d47a49d8a900a04c30d7642cc109b.jpg
test-train,0.9801579713821411,D:\Datasets\Alvaro\Floresta-3-20260714T215823Z-1-001\Floresta-3\valid\images\alina142_jpg.rf.35eeac30aaab0212a8175f4e53d3cb1a.jpg,D:\Datasets\Alvaro\Floresta-3-20260714T215823Z-1-001\Floresta-3\train\images\alina139_jpg.rf.20af1e27678c39b4f3c500187af6e05b.jpg
test-train,0.9801024198532104,D:\Datasets\Alvaro\Floresta-3-20260714T215823Z-1-001\Floresta-3\valid\images\alina_1113_jpg.rf.5faed4b05ceb190d8faaeb607d8d9188.jpg,D:\Datasets\Alvaro\Floresta-3-20260714T215823Z-1-001\Floresta-3\train\images\alina_1113_jpg.rf.24ccfa52b5a048ef86551540acd3d1fe.jpg
test-train,0.980095624923706,D:\Datasets\Alvaro\Floresta-3-20260714T215823Z-1-001\Floresta-3\valid\images\evo4248_jpg.rf.b97c9103dcfe3ad7665fb513be1f8d45.jpg,D:\Datasets\Alvaro\Floresta-3-20260714T215823Z-1-001\Floresta-3\train\images\evo4248_jpg.rf.a209328fddc3027562808e4b82092f1c.jpg
test-train,0.9800680875778198,D:\Datasets\Alvaro\Floresta-3-20260714T215823Z-1-001\Floresta-3\valid\images\alina_1113_jpg.rf.5faed4b05ceb190d8faaeb607d8d9188.jpg,D:\Datasets\Alvaro\Floresta-3-20260714T215823Z-1-001\Floresta-3\train\images\alina_1112_jpg.rf.1314a6ac3b3ea7ef10b053ee40947a29.jpg
test-train,0.9799821376800537,D:\Datasets\Alvaro\Floresta-3-20260714T215823Z-1-001\Floresta-3\valid\images\Cafezal-01_MP4-7_jpg.rf.3070a21c403e64c272150b0f3cc858d2.jpg,D:\Datasets\Alvaro\Floresta-3-20260714T215823Z-1-001\Floresta-3\train\images\Cafezal-01_MP4-0_jpg.rf.1a45eea36c49929f163bd11d7d936eea.jpg
validation-test,0.9799211025238037,D:\Datasets\Alvaro\Floresta-3-20260714T215823Z-1-001\Floresta-3\test\images\Cafezal-01_MP4-13_jpg.rf.e6c47ec64a0ae9b40a9f467a495d9d5e.jpg,D:\Datasets\Alvaro\Floresta-3-20260714T215823Z-1-001\Floresta-3\valid\images\Cafezal-01_MP4-12_jpg.rf.ce6e599c9ce7e75b93aa0942d6b73482.jpg
test-train,0.9799164533615112,D:\Datasets\Alvaro\Floresta-3-20260714T215823Z-1-001\Floresta-3\valid\images\0-23-30_png_jpg.rf.09ba17cca8b4f84372db9755908ef55b.jpg,D:\Datasets\Alvaro\Floresta-3-20260714T215823Z-1-001\Floresta-3\train\images\0-23-30_png_jpg.rf.017e88ecd5ddab6ef27d87a3f4d3d67a.jpg
test-train,0.9798131585121155,D:\Datasets\Alvaro\Floresta-3-20260714T215823Z-1-001\Floresta-3\valid\images\evo4224_jpg.rf.980bf13fde14ae56b94d1ac86a572872.jpg,D:\Datasets\Alvaro\Floresta-3-20260714T215823Z-1-001\Floresta-3\train\images\evo4224_jpg.rf.98177ec50f940803b72b739239c3e161.jpg
test-train,0.9797947406768799,D:\Datasets\Alvaro\Floresta-3-20260714T215823Z-1-001\Floresta-3\valid\images\IJ_08_25_25_2560_0_png_jpg.rf.1cfb1c74a10fdbc1ec8bbca013f43bf5.jpg,D:\Datasets\Alvaro\Floresta-3-20260714T215823Z-1-001\Floresta-3\train\images\IJ_08_25_26_2560_0_png_jpg.rf.0b4239d0590b68861fb81d8cdd794d6d.jpg
test-train,0.9797782897949219,D:\Datasets\Alvaro\Floresta-3-20260714T215823Z-1-001\Floresta-3\valid\images\100_0001_0014-5_jpg.rf.bf4f6a2f0e34c2fd72ec0482188e7201.jpg,D:\Datasets\Alvaro\Floresta-3-20260714T215823Z-1-001\Floresta-3\train\images\100_0001_0014-5_jpg.rf.e7f3d2b47be075e6a0855b1f9bcf4f00.jpg
test-train,0.9796361923217773,D:\Datasets\Alvaro\Floresta-3-20260714T215823Z-1-001\Floresta-3\valid\images\IJ_08_25_25_2560_0_png_jpg.rf.1cfb1c74a10fdbc1ec8bbca013f43bf5.jpg,D:\Datasets\Alvaro\Floresta-3-20260714T215823Z-1-001\Floresta-3\train\images\IJ_08_25_28_2560_0_png_jpg.rf.f131d94bff682fa63224a041ba8bbb7f.jpg
test-train,0.9796274900436401,D:\Datasets\Alvaro\Floresta-3-20260714T215823Z-1-001\Floresta-3\valid\images\IJ_08_25_02_2560_0_png_jpg.rf.f285c7138771cbfbe2f4dcc766424b01.jpg,D:\Datasets\Alvaro\Floresta-3-20260714T215823Z-1-001\Floresta-3\train\images\IJ_08_25_04_2560_0_png_jpg.rf.6cf1c1f76f9ef3a821490b198cae19e5.jpg
test-train,0.9796059727668762,D:\Datasets\Alvaro\Floresta-3-20260714T215823Z-1-001\Floresta-3\valid\images\alina_1016_jpg.rf.0370ea29a36520a45682f01de495aa31.jpg,D:\Datasets\Alvaro\Floresta-3-20260714T215823Z-1-001\Floresta-3\train\images\alina_1017_jpg.rf.ee31327694b60ecd6714613f1cf11a49.jpg
test-train,0.9795331358909607,D:\Datasets\Alvaro\Floresta-3-20260714T215823Z-1-001\Floresta-3\valid\images\IJ_08_25_04_2560_0_png_jpg.rf.88a88dc7794998809fbc237a79033e82.jpg,D:\Datasets\Alvaro\Floresta-3-20260714T215823Z-1-001\Floresta-3\train\images\IJ_08_25_03_2560_0_png_jpg.rf.0b7239c5f5ebcb179a4367a59d7ecdbb.jpg
test-train,0.9793227910995483,D:\Datasets\Alvaro\Floresta-3-20260714T215823Z-1-001\Floresta-3\valid\images\alina_1110_jpg.rf.922d022db7a11587c493a33eaa3536a4.jpg,D:\Datasets\Alvaro\Floresta-3-20260714T215823Z-1-001\Floresta-3\train\images\alina_118_jpg.rf.7b62fc5ee81934433e9b47f54ee18ede.jpg
test-train,0.9792165756225586,D:\Datasets\Alvaro\Floresta-3-20260714T215823Z-1-001\Floresta-3\valid\images\IJ_08_25_25_2560_0_png_jpg.rf.1cfb1c74a10fdbc1ec8bbca013f43bf5.jpg,D:\Datasets\Alvaro\Floresta-3-20260714T215823Z-1-001\Floresta-3\train\images\IJ_08_25_23_2560_0_png_jpg.rf.c817313d573f8288fc6c3ec4ced440ae.jpg
test-train,0.9791181087493896,D:\Datasets\Alvaro\Floresta-3-20260714T215823Z-1-001\Floresta-3\valid\images\Cafezal-01_MP4-22_jpg.rf.b7bffe598d2b818aeb7dca98f0bea2b6.jpg,D:\Datasets\Alvaro\Floresta-3-20260714T215823Z-1-001\Floresta-3\train\images\Cafezal-01_MP4-23_jpg.rf.3d9950512b4fab12734b1d187d338b17.jpg
test-train,0.9790472984313965,D:\Datasets\Alvaro\Floresta-3-20260714T215823Z-1-001\Floresta-3\valid\images\IJ_08_25_27_2560_880_png_jpg.rf.952cd02e41402e372167633aa2c07e2d.jpg,D:\Datasets\Alvaro\Floresta-3-20260714T215823Z-1-001\Floresta-3\train\images\IJ_08_25_28_2560_880_png_jpg.rf.c77779ffdb0df4fbbc2c661d13af6622.jpg
test-train,0.978958785533905,D:\Datasets\Alvaro\Floresta-3-20260714T215823Z-1-001\Floresta-3\valid\images\IJ_08_25_25_2560_0_png_jpg.rf.1cfb1c74a10fdbc1ec8bbca013f43bf5.jpg,D:\Datasets\Alvaro\Floresta-3-20260714T215823Z-1-001\Floresta-3\train\images\IJ_08_25_29_2560_0_png_jpg.rf.0b362825456368cdc100c50ea9972a6e.jpg
test-train,0.9789502024650574,D:\Datasets\Alvaro\Floresta-3-20260714T215823Z-1-001\Floresta-3\valid\images\alina_1111_jpg.rf.7a781f0e796763c2831afa75672cf9f0.jpg,D:\Datasets\Alvaro\Floresta-3-20260714T215823Z-1-001\Floresta-3\train\images\alina_1112_jpg.rf.9c201c8000e206867df69a9d5f12745e.jpg
validation-test,0.978402853012085,D:\Datasets\Alvaro\Floresta-3-20260714T215823Z-1-001\Floresta-3\test\images\0-63-9_png_jpg.rf.dedb098cdafd87fd3775de04110e1724.jpg,D:\Datasets\Alvaro\Floresta-3-20260714T215823Z-1-001\Floresta-3\valid\images\0-63-9_png_jpg.rf.4130e9f0df98d89dbc619dd471deac05.jpg
validation-test,0.9783896803855896,D:\Datasets\Alvaro\Floresta-3-20260714T215823Z-1-001\Floresta-3\test\images\IJ_08_25_42_2560_0_png_jpg.rf.d5a67860281054471a988dbebd21f9c6.jpg,D:\Datasets\Alvaro\Floresta-3-20260714T215823Z-1-001\Floresta-3\valid\images\IJ_08_25_25_2560_0_png_jpg.rf.1cfb1c74a10fdbc1ec8bbca013f43bf5.jpg
validation-test,0.9781650304794312,D:\Datasets\Alvaro\Floresta-3-20260714T215823Z-1-001\Floresta-3\test\images\2aml301_jpg.rf.c5eefa2436bfb40a07b5b5cddcdf14d1.jpg,D:\Datasets\Alvaro\Floresta-3-20260714T215823Z-1-001\Floresta-3\valid\images\2aml301_jpg.rf.84582a90f93002d4423f6e2d5b1da179.jpg
validation-test,0.977203369140625,D:\Datasets\Alvaro\Floresta-3-20260714T215823Z-1-001\Floresta-3\test\images\0-15-3_png_jpg.rf.369f7c038497cf9a999668f0ed2a4e8d.jpg,D:\Datasets\Alvaro\Floresta-3-20260714T215823Z-1-001\Floresta-3\valid\images\0-15-3_png_jpg.rf.6138eabd18c23a04041cddef19f1301d.jpg
validation-test,0.9764105081558228,D:\Datasets\Alvaro\Floresta-3-20260714T215823Z-1-001\Floresta-3\test\images\alina_1112_jpg.rf.87a773f1941c3adfc3be81aea9a3a95b.jpg,D:\Datasets\Alvaro\Floresta-3-20260714T215823Z-1-001\Floresta-3\valid\images\alina_1113_jpg.rf.5faed4b05ceb190d8faaeb607d8d9188.jpg
validation-test,0.976387083530426,D:\Datasets\Alvaro\Floresta-3-20260714T215823Z-1-001\Floresta-3\test\images\ik_4_02451_png_jpg.rf.5eb9b34cd554cafb2c355c3f250fbf46.jpg,D:\Datasets\Alvaro\Floresta-3-20260714T215823Z-1-001\Floresta-3\valid\images\evo4224_jpg.rf.980bf13fde14ae56b94d1ac86a572872.jpg
validation-test,0.9763610363006592,D:\Datasets\Alvaro\Floresta-3-20260714T215823Z-1-001\Floresta-3\test\images\alina_1016_jpg.rf.1c71f6ef401916319b277878a56137f7.jpg,D:\Datasets\Alvaro\Floresta-3-20260714T215823Z-1-001\Floresta-3\valid\images\alina_1016_jpg.rf.5baa91fdd31ab08dbf2f313f332dbde2.jpg
validation-test,0.9758496284484863,D:\Datasets\Alvaro\Floresta-3-20260714T215823Z-1-001\Floresta-3\test\images\0-17-35_png_jpg.rf.ce4cf2ad857b4c1e3f842cf68f871cb3.jpg,D:\Datasets\Alvaro\Floresta-3-20260714T215823Z-1-001\Floresta-3\valid\images\0-17-35_png_jpg.rf.445840c4106d0661b45eaa1e5a7f747d.jpg
validation-test,0.9755260348320007,D:\Datasets\Alvaro\Floresta-3-20260714T215823Z-1-001\Floresta-3\test\images\Cafezal-01_MP4-54_jpg.rf.ab7b93843440f3ecf660fcc327c14f9c.jpg,D:\Datasets\Alvaro\Floresta-3-20260714T215823Z-1-001\Floresta-3\valid\images\Cafezal-01_MP4-54_jpg.rf.d0a9cf5f6dec7181017f8477b2909faf.jpg
validation-test,0.9754147529602051,D:\Datasets\Alvaro\Floresta-3-20260714T215823Z-1-001\Floresta-3\test\images\0-23-39_png_jpg.rf.0d948d04f198f115131e0ebe3e27691a.jpg,D:\Datasets\Alvaro\Floresta-3-20260714T215823Z-1-001\Floresta-3\valid\images\0-23-39_png_jpg.rf.c3068c64eac4d4d6733925efbc70ac9b.jpg
validation-test,0.9753947257995605,D:\Datasets\Alvaro\Floresta-3-20260714T215823Z-1-001\Floresta-3\test\images\ik_4_02651_png_jpg.rf.f0f3eb9749a1c9b066750506f5e11662.jpg,D:\Datasets\Alvaro\Floresta-3-20260714T215823Z-1-001\Floresta-3\valid\images\evo4244_jpg.rf.c109c5de4e38a8cb8b87b33a242f928e.jpg
validation-test,0.9753503799438477,D:\Datasets\Alvaro\Floresta-3-20260714T215823Z-1-001\Floresta-3\test\images\Cafezal-01_MP4-24_jpg.rf.66149aac83cf4b2e71caa2ef55fbc342.jpg,D:\Datasets\Alvaro\Floresta-3-20260714T215823Z-1-001\Floresta-3\valid\images\Cafezal-01_MP4-22_jpg.rf.b7bffe598d2b818aeb7dca98f0bea2b6.jpg
validation-test,0.9751150608062744,D:\Datasets\Alvaro\Floresta-3-20260714T215823Z-1-001\Floresta-3\test\images\IJ_08_25_31_0_0_png_jpg.rf.9122c28f02cdf954c262ae20b729ad5b.jpg,D:\Datasets\Alvaro\Floresta-3-20260714T215823Z-1-001\Floresta-3\valid\images\IJ_08_25_23_0_0_png_jpg.rf.1a460754c73736639c7d4d1acdd95487.jpg
validation-test,0.9751065969467163,D:\Datasets\Alvaro\Floresta-3-20260714T215823Z-1-001\Floresta-3\test\images\IJ_08_25_31_0_0_png_jpg.rf.9122c28f02cdf954c262ae20b729ad5b.jpg,D:\Datasets\Alvaro\Floresta-3-20260714T215823Z-1-001\Floresta-3\valid\images\IJ_08_25_28_0_0_png_jpg.rf.2f9475c8ebc3987910d8916901a46d02.jpg
validation-test,0.974931001663208,D:\Datasets\Alvaro\Floresta-3-20260714T215823Z-1-001\Floresta-3\test\images\alina_1111_jpg.rf.aab34247c2908c081297c7dcfdaeabcc.jpg,D:\Datasets\Alvaro\Floresta-3-20260714T215823Z-1-001\Floresta-3\valid\images\alina_1113_jpg.rf.5faed4b05ceb190d8faaeb607d8d9188.jpg
validation-test,0.9747800827026367,D:\Datasets\Alvaro\Floresta-3-20260714T215823Z-1-001\Floresta-3\test\images\alina_1110_jpg.rf.93a3406dac28d715f1e5a8cf689d4d84.jpg,D:\Datasets\Alvaro\Floresta-3-20260714T215823Z-1-001\Floresta-3\valid\images\alina_1113_jpg.rf.5faed4b05ceb190d8faaeb607d8d9188.jpg
validation-test,0.9747335314750671,D:\Datasets\Alvaro\Floresta-3-20260714T215823Z-1-001\Floresta-3\test\images\111335_sat_61_jpg.rf.0cedf77842cc960b9373d696a303ddbe.jpg,D:\Datasets\Alvaro\Floresta-3-20260714T215823Z-1-001\Floresta-3\valid\images\111335_sat_61_jpg.rf.df8de611cb0a3077cff559275d451e1c.jpg
validation-test,0.9742988348007202,D:\Datasets\Alvaro\Floresta-3-20260714T215823Z-1-001\Floresta-3\test\images\alina_118_jpg.rf.76b43eed58d976fdaed5b315d52a442a.jpg,D:\Datasets\Alvaro\Floresta-3-20260714T215823Z-1-001\Floresta-3\valid\images\alina_1111_jpg.rf.7a781f0e796763c2831afa75672cf9f0.jpg
validation-test,0.9737550020217896,D:\Datasets\Alvaro\Floresta-3-20260714T215823Z-1-001\Floresta-3\test\images\IJ_08_25_37_0_0_png_jpg.rf.1474a79821efd604978f199faf9843ca.jpg,D:\Datasets\Alvaro\Floresta-3-20260714T215823Z-1-001\Floresta-3\valid\images\IJ_08_25_29_0_0_png_jpg.rf.21eb6dec22036ed00b48cce1637f171a.jpg
validation-test,0.9737347364425659,D:\Datasets\Alvaro\Floresta-3-20260714T215823Z-1-001\Floresta-3\test\images\Cafezal-01_MP4-42_jpg.rf.891202181ba575c015412e84575f8cc7.jpg,D:\Datasets\Alvaro\Floresta-3-20260714T215823Z-1-001\Floresta-3\valid\images\Cafezal-01_MP4-40_jpg.rf.e2739b674f71e8a3806babd4a117a412.jpg
validation-test,0.9736714363098145,D:\Datasets\Alvaro\Floresta-3-20260714T215823Z-1-001\Floresta-3\test\images\ik_4_02701_png_jpg.rf.3bb5b66c5a8750d81aa120a01986e0cb.jpg,D:\Datasets\Alvaro\Floresta-3-20260714T215823Z-1-001\Floresta-3\valid\images\evo4248_jpg.rf.b97c9103dcfe3ad7665fb513be1f8d45.jpg
validation-test,0.9733014702796936,D:\Datasets\Alvaro\Floresta-3-20260714T215823Z-1-001\Floresta-3\test\images\alina_1111_jpg.rf.aab34247c2908c081297c7dcfdaeabcc.jpg,D:\Datasets\Alvaro\Floresta-3-20260714T215823Z-1-001\Floresta-3\valid\images\alina_1111_jpg.rf.7a781f0e796763c2831afa75672cf9f0.jpg
validation-test,0.9727284908294678,D:\Datasets\Alvaro\Floresta-3-20260714T215823Z-1-001\Floresta-3\test\images\bloco_223_jpg.rf.356c925a968da0e19f9d8fe9758d210e.jpg,D:\Datasets\Alvaro\Floresta-3-20260714T215823Z-1-001\Floresta-3\valid\images\bloco_223_jpg.rf.83c0dd19c2b1349122327fac5ff4bbed.jpg
validation-test,0.9725661277770996,D:\Datasets\Alvaro\Floresta-3-20260714T215823Z-1-001\Floresta-3\test\images\ik_4_02301_png_jpg.rf.407b9805d97bad69341656de70bc3001.jpg,D:\Datasets\Alvaro\Floresta-3-20260714T215823Z-1-001\Floresta-3\valid\images\evo4208_jpg.rf.53067c24a23037a862ad30fce4526c94.jpg
validation-test,0.9724902510643005,D:\Datasets\Alvaro\Floresta-3-20260714T215823Z-1-001\Floresta-3\test\images\alina_1110_jpg.rf.bfa492da19f3c82df4b4e87873e5cc7a.jpg,D:\Datasets\Alvaro\Floresta-3-20260714T215823Z-1-001\Floresta-3\valid\images\alina_1114_jpg.rf.8e20554f299b95e98f8488aebbcc251d.jpg
validation-test,0.9723474979400635,D:\Datasets\Alvaro\Floresta-3-20260714T215823Z-1-001\Floresta-3\test\images\IJ_08_25_34_2560_0_png_jpg.rf.7d5ddee0f98b1394c77cbd3e2f469e24.jpg,D:\Datasets\Alvaro\Floresta-3-20260714T215823Z-1-001\Floresta-3\valid\images\IJ_08_25_26_2560_0_png_jpg.rf.a1af5be4e0e70b973e4ea37871593348.jpg
validation-test,0.9723145961761475,D:\Datasets\Alvaro\Floresta-3-20260714T215823Z-1-001\Floresta-3\test\images\IJ_08_25_31_0_0_png_jpg.rf.21d88a4faebe9704c6d2939cf063d05e.jpg,D:\Datasets\Alvaro\Floresta-3-20260714T215823Z-1-001\Floresta-3\valid\images\IJ_08_25_22_0_0_png_jpg.rf.bd9095901635836c26e3452453fbde45.jpg
validation-test,0.9721808433532715,D:\Datasets\Alvaro\Floresta-3-20260714T215823Z-1-001\Floresta-3\test\images\IJ_08_25_32_0_0_png_jpg.rf.f279fc70da0fe3f575bdcfd7fa67ab13.jpg,D:\Datasets\Alvaro\Floresta-3-20260714T215823Z-1-001\Floresta-3\valid\images\IJ_08_25_28_0_0_png_jpg.rf.3f0b5cac9d31e459dc8d3826ab2bbe26.jpg
validation-test,0.9721658229827881,D:\Datasets\Alvaro\Floresta-3-20260714T215823Z-1-001\Floresta-3\test\images\aml749_jpg.rf.ca9af137b0eedd7c4ce57cebf3c42c1a.jpg,D:\Datasets\Alvaro\Floresta-3-20260714T215823Z-1-001\Floresta-3\valid\images\aml749_jpg.rf.c73213877d3693020d119148519a353d.jpg
validation-test,0.9718593955039978,D:\Datasets\Alvaro\Floresta-3-20260714T215823Z-1-001\Floresta-3\test\images\0-8-33_png_jpg.rf.4557720141184f10cd9eff22ac750fb5.jpg,D:\Datasets\Alvaro\Floresta-3-20260714T215823Z-1-001\Floresta-3\valid\images\0-8-33_png_jpg.rf.14756955179a6b3876cc410b81841143.jpg
validation-test,0.971441388130188,D:\Datasets\Alvaro\Floresta-3-20260714T215823Z-1-001\Floresta-3\test\images\IJ_08_25_32_0_0_png_jpg.rf.70652b2a5682771580a137a042df612a.jpg,D:\Datasets\Alvaro\Floresta-3-20260714T215823Z-1-001\Floresta-3\valid\images\IJ_08_25_29_0_0_png_jpg.rf.21eb6dec22036ed00b48cce1637f171a.jpg
validation-test,0.9712420105934143,D:\Datasets\Alvaro\Floresta-3-20260714T215823Z-1-001\Floresta-3\test\images\0-32-23_png_jpg.rf.49efd59bf61a25cb0d2e4a6619d0ad01.jpg,D:\Datasets\Alvaro\Floresta-3-20260714T215823Z-1-001\Floresta-3\valid\images\0-32-23_png_jpg.rf.3ba77a08d54c732c2b073394e40ad684.jpg
validation-test,0.9712313413619995,D:\Datasets\Alvaro\Floresta-3-20260714T215823Z-1-001\Floresta-3\test\images\alina_110_jpg.rf.48462fd2b042e7a971956206d6a7acc3.jpg,D:\Datasets\Alvaro\Floresta-3-20260714T215823Z-1-001\Floresta-3\valid\images\alina_118_jpg.rf.d36104956309c811f869955e9b8cfe6d.jpg
validation-test,0.9711917042732239,D:\Datasets\Alvaro\Floresta-3-20260714T215823Z-1-001\Floresta-3\test\images\0-45-23_png_jpg.rf.acd3731920b38fac09581ab5ea42611e.jpg,D:\Datasets\Alvaro\Floresta-3-20260714T215823Z-1-001\Floresta-3\valid\images\0-45-23_png_jpg.rf.6ddaa072145a609c5b5a63f068a39563.jpg
validation-test,0.9710249900817871,D:\Datasets\Alvaro\Floresta-3-20260714T215823Z-1-001\Floresta-3\test\images\IJ_08_25_36_2560_0_png_jpg.rf.5898a213432e672955dbfb0edb2e039c.jpg,D:\Datasets\Alvaro\Floresta-3-20260714T215823Z-1-001\Floresta-3\valid\images\IJ_08_25_26_2560_0_png_jpg.rf.a1af5be4e0e70b973e4ea37871593348.jpg
validation-test,0.9709333181381226,D:\Datasets\Alvaro\Floresta-3-20260714T215823Z-1-001\Floresta-3\test\images\alina_1110_jpg.rf.93a3406dac28d715f1e5a8cf689d4d84.jpg,D:\Datasets\Alvaro\Floresta-3-20260714T215823Z-1-001\Floresta-3\valid\images\alina_1114_jpg.rf.8e20554f299b95e98f8488aebbcc251d.jpg
validation-test,0.97092604637146,D:\Datasets\Alvaro\Floresta-3-20260714T215823Z-1-001\Floresta-3\test\images\ik_4_02301_png_jpg.rf.407b9805d97bad69341656de70bc3001.jpg,D:\Datasets\Alvaro\Floresta-3-20260714T215823Z-1-001\Floresta-3\valid\images\evo4208_jpg.rf.cea8bce260d59e5d7078a7541988d905.jpg
validation-test,0.9709225296974182,D:\Datasets\Alvaro\Floresta-3-20260714T215823Z-1-001\Floresta-3\test\images\111335_sat_36_jpg.rf.4fa1cac0aa7cd08ddd49c81c9a121329.jpg,D:\Datasets\Alvaro\Floresta-3-20260714T215823Z-1-001\Floresta-3\valid\images\111335_sat_36_jpg.rf.25377aef12a6e1937076aac2ca8b9138.jpg
validation-test,0.970770537853241,D:\Datasets\Alvaro\Floresta-3-20260714T215823Z-1-001\Floresta-3\test\images\IJ_08_25_34_2560_0_png_jpg.rf.eb5d9f857bf2c9bb294cebf931c92dab.jpg,D:\Datasets\Alvaro\Floresta-3-20260714T215823Z-1-001\Floresta-3\valid\images\IJ_08_25_26_2560_0_png_jpg.rf.a1af5be4e0e70b973e4ea37871593348.jpg
validation-test,0.9707522392272949,D:\Datasets\Alvaro\Floresta-3-20260714T215823Z-1-001\Floresta-3\test\images\1-27-22_png_jpg.rf.e940059948af211898015bfe1fc7d1dd.jpg,D:\Datasets\Alvaro\Floresta-3-20260714T215823Z-1-001\Floresta-3\valid\images\1-27-22_png_jpg.rf.87a3672dc3b852a2502cdae5973834ae.jpg
validation-test,0.9705890417098999,D:\Datasets\Alvaro\Floresta-3-20260714T215823Z-1-001\Floresta-3\test\images\IJ_08_25_33_0_0_png_jpg.rf.b9784594749cb601e877e244a046a6ef.jpg,D:\Datasets\Alvaro\Floresta-3-20260714T215823Z-1-001\Floresta-3\valid\images\IJ_08_25_29_0_0_png_jpg.rf.21eb6dec22036ed00b48cce1637f171a.jpg
validation-test,0.9705122709274292,D:\Datasets\Alvaro\Floresta-3-20260714T215823Z-1-001\Floresta-3\test\images\IJ_08_25_31_0_0_png_jpg.rf.21d88a4faebe9704c6d2939cf063d05e.jpg,D:\Datasets\Alvaro\Floresta-3-20260714T215823Z-1-001\Floresta-3\valid\images\IJ_08_25_29_0_0_png_jpg.rf.21eb6dec22036ed00b48cce1637f171a.jpg
validation-test,0.9704669713973999,D:\Datasets\Alvaro\Floresta-3-20260714T215823Z-1-001\Floresta-3\test\images\alina_1110_jpg.rf.93a3406dac28d715f1e5a8cf689d4d84.jpg,D:\Datasets\Alvaro\Floresta-3-20260714T215823Z-1-001\Floresta-3\valid\images\alina_1111_jpg.rf.7a781f0e796763c2831afa75672cf9f0.jpg
validation-test,0.9704347848892212,D:\Datasets\Alvaro\Floresta-3-20260714T215823Z-1-001\Floresta-3\test\images\0-14-1_png_jpg.rf.0b1e0cb558e8b86bf593e2e4aacb4a3c.jpg,D:\Datasets\Alvaro\Floresta-3-20260714T215823Z-1-001\Floresta-3\valid\images\0-14-1_png_jpg.rf.8c474687b48c5cf758202d913204195c.jpg
validation-test,0.9703373908996582,D:\Datasets\Alvaro\Floresta-3-20260714T215823Z-1-001\Floresta-3\test\images\IJ_08_25_32_2560_0_png_jpg.rf.b979827c297640cc8fbe919a33817283.jpg,D:\Datasets\Alvaro\Floresta-3-20260714T215823Z-1-001\Floresta-3\valid\images\IJ_08_25_25_2560_0_png_jpg.rf.1cfb1c74a10fdbc1ec8bbca013f43bf5.jpg
validation-test,0.970335841178894,D:\Datasets\Alvaro\Floresta-3-20260714T215823Z-1-001\Floresta-3\test\images\2aml317_jpg.rf.5606a7d3d35c0fa44a28b56f8361f0da.jpg,D:\Datasets\Alvaro\Floresta-3-20260714T215823Z-1-001\Floresta-3\valid\images\2aml317_jpg.rf.64bd2c94de93e22ed58fdc6902ec69f9.jpg
validation-test,0.9703322649002075,D:\Datasets\Alvaro\Floresta-3-20260714T215823Z-1-001\Floresta-3\test\images\IJ_08_25_35_2560_0_png_jpg.rf.9f99476e46e0bb8acd40c882aa05da46.jpg,D:\Datasets\Alvaro\Floresta-3-20260714T215823Z-1-001\Floresta-3\valid\images\IJ_08_25_24_2560_0_png_jpg.rf.f180dc961f36d60880200aeb901e1fe0.jpg
validation-test,0.9702892303466797,D:\Datasets\Alvaro\Floresta-3-20260714T215823Z-1-001\Floresta-3\test\images\2aml150_jpg.rf.bdce44cd3ff33ed017f5f1778ffbc351.jpg,D:\Datasets\Alvaro\Floresta-3-20260714T215823Z-1-001\Floresta-3\valid\images\2aml150_jpg.rf.b8dcdf815669dfb4948cb32b26b66dc8.jpg
validation-test,0.9701327085494995,D:\Datasets\Alvaro\Floresta-3-20260714T215823Z-1-001\Floresta-3\test\images\IJ_08_25_32_2560_0_png_jpg.rf.b979827c297640cc8fbe919a33817283.jpg,D:\Datasets\Alvaro\Floresta-3-20260714T215823Z-1-001\Floresta-3\valid\images\IJ_08_25_27_2560_0_png_jpg.rf.33350cefc2203856896de6c21776e110.jpg
validation-test,0.9701056480407715,D:\Datasets\Alvaro\Floresta-3-20260714T215823Z-1-001\Floresta-3\test\images\IJ_08_25_40_2560_0_png_jpg.rf.7e714f76b6f326b4bd892869c515a0c6.jpg,D:\Datasets\Alvaro\Floresta-3-20260714T215823Z-1-001\Floresta-3\valid\images\IJ_08_25_25_2560_0_png_jpg.rf.1cfb1c74a10fdbc1ec8bbca013f43bf5.jpg
validation-test,0.9699543118476868,D:\Datasets\Alvaro\Floresta-3-20260714T215823Z-1-001\Floresta-3\test\images\IJ_08_25_34_2560_0_png_jpg.rf.eb5d9f857bf2c9bb294cebf931c92dab.jpg,D:\Datasets\Alvaro\Floresta-3-20260714T215823Z-1-001\Floresta-3\valid\images\IJ_08_25_26_2560_0_png_jpg.rf.3403b863873aee4ae6aed4f2b9e06f1b.jpg
validation-test,0.969901442527771,D:\Datasets\Alvaro\Floresta-3-20260714T215823Z-1-001\Floresta-3\test\images\bloco_90_jpg.rf.62fc54bc2fe2794088b6b8f9d6a7fdfd.jpg,D:\Datasets\Alvaro\Floresta-3-20260714T215823Z-1-001\Floresta-3\valid\images\bloco_90_jpg.rf.a19ee997d65a24cedc8c7ceac651c5b3.jpg
validation-test,0.9696044325828552,D:\Datasets\Alvaro\Floresta-3-20260714T215823Z-1-001\Floresta-3\test\images\alina_110_jpg.rf.48462fd2b042e7a971956206d6a7acc3.jpg,D:\Datasets\Alvaro\Floresta-3-20260714T215823Z-1-001\Floresta-3\valid\images\alina_1111_jpg.rf.7a781f0e796763c2831afa75672cf9f0.jpg
validation-test,0.9692803621292114,D:\Datasets\Alvaro\Floresta-3-20260714T215823Z-1-001\Floresta-3\test\images\alina_1016_jpg.rf.1c71f6ef401916319b277878a56137f7.jpg,D:\Datasets\Alvaro\Floresta-3-20260714T215823Z-1-001\Floresta-3\valid\images\alina_1016_jpg.rf.0370ea29a36520a45682f01de495aa31.jpg
validation-test,0.9688396453857422,D:\Datasets\Alvaro\Floresta-3-20260714T215823Z-1-001\Floresta-3\test\images\IJ_08_25_32_0_0_png_jpg.rf.70652b2a5682771580a137a042df612a.jpg,D:\Datasets\Alvaro\Floresta-3-20260714T215823Z-1-001\Floresta-3\valid\images\IJ_08_25_28_0_0_png_jpg.rf.2f9475c8ebc3987910d8916901a46d02.jpg
validation-test,0.968646764755249,D:\Datasets\Alvaro\Floresta-3-20260714T215823Z-1-001\Floresta-3\test\images\IJ_08_25_31_0_0_png_jpg.rf.21d88a4faebe9704c6d2939cf063d05e.jpg,D:\Datasets\Alvaro\Floresta-3-20260714T215823Z-1-001\Floresta-3\valid\images\IJ_08_25_28_0_0_png_jpg.rf.2f9475c8ebc3987910d8916901a46d02.jpg
validation-test,0.9686091542243958,D:\Datasets\Alvaro\Floresta-3-20260714T215823Z-1-001\Floresta-3\test\images\IJ_08_25_40_0_0_png_jpg.rf.8e6a5606baa8c634e5b3dd4196223409.jpg,D:\Datasets\Alvaro\Floresta-3-20260714T215823Z-1-001\Floresta-3\valid\images\IJ_08_25_29_0_0_png_jpg.rf.21eb6dec22036ed00b48cce1637f171a.jpg
validation-test,0.9685875177383423,D:\Datasets\Alvaro\Floresta-3-20260714T215823Z-1-001\Floresta-3\test\images\0-63-9_png_jpg.rf.31cf99588f8e753d3f29b88465077bcf.jpg,D:\Datasets\Alvaro\Floresta-3-20260714T215823Z-1-001\Floresta-3\valid\images\0-63-9_png_jpg.rf.82adc955d8907d03eaca2cffccadc4f3.jpg
validation-test,0.9685672521591187,D:\Datasets\Alvaro\Floresta-3-20260714T215823Z-1-001\Floresta-3\test\images\Cafezal-01_MP4-15_jpg.rf.91445e6c5ca4802a5bf5cec792564288.jpg,D:\Datasets\Alvaro\Floresta-3-20260714T215823Z-1-001\Floresta-3\valid\images\Cafezal-01_MP4-12_jpg.rf.ce6e599c9ce7e75b93aa0942d6b73482.jpg
validation-test,0.9685362577438354,D:\Datasets\Alvaro\Floresta-3-20260714T215823Z-1-001\Floresta-3\test\images\IJ_08_25_31_0_0_png_jpg.rf.9122c28f02cdf954c262ae20b729ad5b.jpg,D:\Datasets\Alvaro\Floresta-3-20260714T215823Z-1-001\Floresta-3\valid\images\IJ_08_25_29_0_0_png_jpg.rf.21eb6dec22036ed00b48cce1637f171a.jpg
validation-test,0.968427300453186,D:\Datasets\Alvaro\Floresta-3-20260714T215823Z-1-001\Floresta-3\test\images\IJ_08_25_37_2560_0_png_jpg.rf.28741680dd6dd6a0569d56549918f9c7.jpg,D:\Datasets\Alvaro\Floresta-3-20260714T215823Z-1-001\Floresta-3\valid\images\IJ_08_25_27_2560_0_png_jpg.rf.33350cefc2203856896de6c21776e110.jpg
validation-test,0.9682794809341431,D:\Datasets\Alvaro\Floresta-3-20260714T215823Z-1-001\Floresta-3\test\images\IJ_08_25_41_0_0_png_jpg.rf.5bd60ba6b320207c9c4b7c6dc6ba73a7.jpg,D:\Datasets\Alvaro\Floresta-3-20260714T215823Z-1-001\Floresta-3\valid\images\IJ_08_25_29_0_0_png_jpg.rf.21eb6dec22036ed00b48cce1637f171a.jpg
validation-test,0.9681057929992676,D:\Datasets\Alvaro\Floresta-3-20260714T215823Z-1-001\Floresta-3\test\images\alina_110_jpg.rf.48462fd2b042e7a971956206d6a7acc3.jpg,D:\Datasets\Alvaro\Floresta-3-20260714T215823Z-1-001\Floresta-3\valid\images\alina_110_jpg.rf.619e8a34d84aa06b0afa4883b1bc192a.jpg
validation-test,0.9680712223052979,D:\Datasets\Alvaro\Floresta-3-20260714T215823Z-1-001\Floresta-3\test\images\IJ_08_25_36_2560_0_png_jpg.rf.cbec1add57c99013895759bc8dbdcf06.jpg,D:\Datasets\Alvaro\Floresta-3-20260714T215823Z-1-001\Floresta-3\valid\images\IJ_08_25_25_2560_0_png_jpg.rf.1cfb1c74a10fdbc1ec8bbca013f43bf5.jpg
validation-test,0.9679678082466125,D:\Datasets\Alvaro\Floresta-3-20260714T215823Z-1-001\Floresta-3\test\images\IJ_08_25_32_2560_0_png_jpg.rf.b979827c297640cc8fbe919a33817283.jpg,D:\Datasets\Alvaro\Floresta-3-20260714T215823Z-1-001\Floresta-3\valid\images\IJ_08_25_27_2560_0_png_jpg.rf.36666a1553fcb6c79e1a94e37a7847bb.jpg
validation-test,0.9677786827087402,D:\Datasets\Alvaro\Floresta-3-20260714T215823Z-1-001\Floresta-3\test\images\alina142_jpg.rf.f48f97000ec2e81f71de6bd198a628cc.jpg,D:\Datasets\Alvaro\Floresta-3-20260714T215823Z-1-001\Floresta-3\valid\images\alina139_jpg.rf.333a6bf0c6db32b3514102b5f7f9b252.jpg
validation-test,0.9677721261978149,D:\Datasets\Alvaro\Floresta-3-20260714T215823Z-1-001\Floresta-3\test\images\0-32-22_png_jpg.rf.480b380dcd60f1506fc97b4a17a327fd.jpg,D:\Datasets\Alvaro\Floresta-3-20260714T215823Z-1-001\Floresta-3\valid\images\0-32-22_png_jpg.rf.ceab38837bddc180e02889f1707b807a.jpg
validation-test,0.9676135778427124,D:\Datasets\Alvaro\Floresta-3-20260714T215823Z-1-001\Floresta-3\test\images\alina149_jpg.rf.814dc9ceb804e7a0a53c0ae1aaf9bcba.jpg,D:\Datasets\Alvaro\Floresta-3-20260714T215823Z-1-001\Floresta-3\valid\images\alina149_jpg.rf.80e444785fbc1ae953585970a28a6f4a.jpg
validation-test,0.9675683975219727,D:\Datasets\Alvaro\Floresta-3-20260714T215823Z-1-001\Floresta-3\test\images\IJ_08_25_32_0_0_png_jpg.rf.f279fc70da0fe3f575bdcfd7fa67ab13.jpg,D:\Datasets\Alvaro\Floresta-3-20260714T215823Z-1-001\Floresta-3\valid\images\IJ_08_25_26_0_0_png_jpg.rf.d29509f7347d5839a46f024e6454dc7a.jpg
validation-test,0.9674569368362427,D:\Datasets\Alvaro\Floresta-3-20260714T215823Z-1-001\Floresta-3\test\images\alina_2021_jpg.rf.338928403e8c89f432c53da741152c82.jpg,D:\Datasets\Alvaro\Floresta-3-20260714T215823Z-1-001\Floresta-3\valid\images\alina_2021_jpg.rf.40bd5f6d52a04f3af413dfe2237b9efd.jpg
validation-test,0.9673442840576172,D:\Datasets\Alvaro\Floresta-3-20260714T215823Z-1-001\Floresta-3\test\images\IJ_08_25_40_0_0_png_jpg.rf.22c10bce95df583f28bd1c9fe43bd1e6.jpg,D:\Datasets\Alvaro\Floresta-3-20260714T215823Z-1-001\Floresta-3\valid\images\IJ_08_25_29_0_0_png_jpg.rf.21eb6dec22036ed00b48cce1637f171a.jpg
validation-test,0.9672685861587524,D:\Datasets\Alvaro\Floresta-3-20260714T215823Z-1-001\Floresta-3\test\images\IJ_08_25_41_2560_0_png_jpg.rf.85fe65cead0871f226a337f7ce6adc22.jpg,D:\Datasets\Alvaro\Floresta-3-20260714T215823Z-1-001\Floresta-3\valid\images\IJ_08_25_26_2560_0_png_jpg.rf.a1af5be4e0e70b973e4ea37871593348.jpg
validation-test,0.9672500491142273,D:\Datasets\Alvaro\Floresta-3-20260714T215823Z-1-001\Floresta-3\test\images\evo163_jpg.rf.3148aa79b4fe786d0e98e2ec008f83d5.jpg,D:\Datasets\Alvaro\Floresta-3-20260714T215823Z-1-001\Floresta-3\valid\images\evo163_jpg.rf.15d1e9c4b86a35b13e685bf97bd62960.jpg
validation-test,0.9672175645828247,D:\Datasets\Alvaro\Floresta-3-20260714T215823Z-1-001\Floresta-3\test\images\IJ_08_25_33_2560_0_png_jpg.rf.902b471a8f999931edeab3b9361a3f00.jpg,D:\Datasets\Alvaro\Floresta-3-20260714T215823Z-1-001\Floresta-3\valid\images\IJ_08_25_24_2560_0_png_jpg.rf.f180dc961f36d60880200aeb901e1fe0.jpg
validation-test,0.9671968221664429,D:\Datasets\Alvaro\Floresta-3-20260714T215823Z-1-001\Floresta-3\test\images\ik_4_02851_png_jpg.rf.5bf143fa4d051058a160e967f8e7282f.jpg,D:\Datasets\Alvaro\Floresta-3-20260714T215823Z-1-001\Floresta-3\valid\images\evo4260_jpg.rf.e15e2824afd1177fee913058ba044b20.jpg
validation-test,0.9669837355613708,D:\Datasets\Alvaro\Floresta-3-20260714T215823Z-1-001\Floresta-3\test\images\alina_1013_jpg.rf.6797c2473549ccfb5eede414ef94f62c.jpg,D:\Datasets\Alvaro\Floresta-3-20260714T215823Z-1-001\Floresta-3\valid\images\alina_1013_jpg.rf.315a775c849f5758b1bd45429243c5e3.jpg
validation-test,0.966956377029419,D:\Datasets\Alvaro\Floresta-3-20260714T215823Z-1-001\Floresta-3\test\images\IJ_08_25_35_2560_0_png_jpg.rf.9f99476e46e0bb8acd40c882aa05da46.jpg,D:\Datasets\Alvaro\Floresta-3-20260714T215823Z-1-001\Floresta-3\valid\images\IJ_08_25_27_2560_0_png_jpg.rf.36666a1553fcb6c79e1a94e37a7847bb.jpg
validation-test,0.966905951499939,D:\Datasets\Alvaro\Floresta-3-20260714T215823Z-1-001\Floresta-3\test\images\Cafezal-01_MP4-10_jpg.rf.d4dfb19ea41b2f83ef03423a88de1155.jpg,D:\Datasets\Alvaro\Floresta-3-20260714T215823Z-1-001\Floresta-3\valid\images\Cafezal-01_MP4-4_jpg.rf.2e96d538d02c4a86147960c3e1131c0e.jpg
validation-test,0.9668159484863281,D:\Datasets\Alvaro\Floresta-3-20260714T215823Z-1-001\Floresta-3\test\images\ik_4_02701_png_jpg.rf.25ac2a1f0d7f476723b2481468a0d8fa.jpg,D:\Datasets\Alvaro\Floresta-3-20260714T215823Z-1-001\Floresta-3\valid\images\evo4248_jpg.rf.b97c9103dcfe3ad7665fb513be1f8d45.jpg
validation-test,0.9667009115219116,D:\Datasets\Alvaro\Floresta-3-20260714T215823Z-1-001\Floresta-3\test\images\IJ_08_25_35_2560_0_png_jpg.rf.9f99476e46e0bb8acd40c882aa05da46.jpg,D:\Datasets\Alvaro\Floresta-3-20260714T215823Z-1-001\Floresta-3\valid\images\IJ_08_25_25_2560_0_png_jpg.rf.1cfb1c74a10fdbc1ec8bbca013f43bf5.jpg
validation-test,0.9665820598602295,D:\Datasets\Alvaro\Floresta-3-20260714T215823Z-1-001\Floresta-3\test\images\IJ_08_25_37_2560_0_png_jpg.rf.28741680dd6dd6a0569d56549918f9c7.jpg,D:\Datasets\Alvaro\Floresta-3-20260714T215823Z-1-001\Floresta-3\valid\images\IJ_08_25_25_2560_0_png_jpg.rf.1cfb1c74a10fdbc1ec8bbca013f43bf5.jpg
validation-test,0.966449499130249,D:\Datasets\Alvaro\Floresta-3-20260714T215823Z-1-001\Floresta-3\test\images\IJ_08_25_33_0_0_png_jpg.rf.b9784594749cb601e877e244a046a6ef.jpg,D:\Datasets\Alvaro\Floresta-3-20260714T215823Z-1-001\Floresta-3\valid\images\IJ_08_25_22_0_0_png_jpg.rf.bd9095901635836c26e3452453fbde45.jpg
validation-test,0.9664202332496643,D:\Datasets\Alvaro\Floresta-3-20260714T215823Z-1-001\Floresta-3\test\images\IJ_08_25_36_0_0_png_jpg.rf.093124dae5e9e2fbea0afa9ca0b5af41.jpg,D:\Datasets\Alvaro\Floresta-3-20260714T215823Z-1-001\Floresta-3\valid\images\IJ_08_25_29_0_0_png_jpg.rf.21eb6dec22036ed00b48cce1637f171a.jpg
validation-test,0.9663248658180237,D:\Datasets\Alvaro\Floresta-3-20260714T215823Z-1-001\Floresta-3\test\images\IJ_08_25_33_2560_0_png_jpg.rf.902b471a8f999931edeab3b9361a3f00.jpg,D:\Datasets\Alvaro\Floresta-3-20260714T215823Z-1-001\Floresta-3\valid\images\IJ_08_25_25_2560_0_png_jpg.rf.1cfb1c74a10fdbc1ec8bbca013f43bf5.jpg
validation-test,0.9662929177284241,D:\Datasets\Alvaro\Floresta-3-20260714T215823Z-1-001\Floresta-3\test\images\IJ_08_25_32_0_0_png_jpg.rf.f279fc70da0fe3f575bdcfd7fa67ab13.jpg,D:\Datasets\Alvaro\Floresta-3-20260714T215823Z-1-001\Floresta-3\valid\images\IJ_08_25_28_0_0_png_jpg.rf.2f9475c8ebc3987910d8916901a46d02.jpg
validation-test,0.9659750461578369,D:\Datasets\Alvaro\Floresta-3-20260714T215823Z-1-001\Floresta-3\test\images\IJ_08_25_40_2560_0_png_jpg.rf.7e714f76b6f326b4bd892869c515a0c6.jpg,D:\Datasets\Alvaro\Floresta-3-20260714T215823Z-1-001\Floresta-3\valid\images\IJ_08_25_24_2560_0_png_jpg.rf.f180dc961f36d60880200aeb901e1fe0.jpg
validation-test,0.9658418893814087,D:\Datasets\Alvaro\Floresta-3-20260714T215823Z-1-001\Floresta-3\test\images\IJ_08_25_34_2560_0_png_jpg.rf.7d5ddee0f98b1394c77cbd3e2f469e24.jpg,D:\Datasets\Alvaro\Floresta-3-20260714T215823Z-1-001\Floresta-3\valid\images\IJ_08_25_26_2560_0_png_jpg.rf.471d0daa224f56c6f7f94a48ed2d22e0.jpg
validation-test,0.9658150672912598,D:\Datasets\Alvaro\Floresta-3-20260714T215823Z-1-001\Floresta-3\test\images\alina_824_jpg.rf.ecd1a51eefe19102d92788be6012c898.jpg,D:\Datasets\Alvaro\Floresta-3-20260714T215823Z-1-001\Floresta-3\valid\images\alina_824_jpg.rf.a2bdca959fe7d1295cf608ead7e1a703.jpg
validation-test,0.965763509273529,D:\Datasets\Alvaro\Floresta-3-20260714T215823Z-1-001\Floresta-3\test\images\IJ_08_25_35_2560_0_png_jpg.rf.39be03776f539ebd40cf3e78a9cb8e4c.jpg,D:\Datasets\Alvaro\Floresta-3-20260714T215823Z-1-001\Floresta-3\valid\images\IJ_08_25_26_2560_0_png_jpg.rf.1bb092f4f65a8dbe68641fe3c4482b88.jpg
validation-test,0.9657286405563354,D:\Datasets\Alvaro\Floresta-3-20260714T215823Z-1-001\Floresta-3\test\images\IJ_08_25_36_2560_0_png_jpg.rf.cbec1add57c99013895759bc8dbdcf06.jpg,D:\Datasets\Alvaro\Floresta-3-20260714T215823Z-1-001\Floresta-3\valid\images\IJ_08_25_24_2560_0_png_jpg.rf.f180dc961f36d60880200aeb901e1fe0.jpg
validation-test,0.965568482875824,D:\Datasets\Alvaro\Floresta-3-20260714T215823Z-1-001\Floresta-3\test\images\IJ_08_25_33_0_0_png_jpg.rf.b9784594749cb601e877e244a046a6ef.jpg,D:\Datasets\Alvaro\Floresta-3-20260714T215823Z-1-001\Floresta-3\valid\images\IJ_08_25_18_0_0_png_jpg.rf.efef812bc77caccab61e9e1bbceca577.jpg
validation-test,0.9655569791793823,D:\Datasets\Alvaro\Floresta-3-20260714T215823Z-1-001\Floresta-3\test\images\IJ_08_25_42_2560_0_png_jpg.rf.d5a67860281054471a988dbebd21f9c6.jpg,D:\Datasets\Alvaro\Floresta-3-20260714T215823Z-1-001\Floresta-3\valid\images\IJ_08_25_24_2560_0_png_jpg.rf.f180dc961f36d60880200aeb901e1fe0.jpg
validation-test,0.9655113816261292,D:\Datasets\Alvaro\Floresta-3-20260714T215823Z-1-001\Floresta-3\test\images\1-3-6_png_jpg.rf.68c8322853cc478f9f894f40c8cfd2cf.jpg,D:\Datasets\Alvaro\Floresta-3-20260714T215823Z-1-001\Floresta-3\valid\images\1-3-6_png_jpg.rf.7096ca17b79d641b9a920e19b7d2965d.jpg
validation-test,0.9655005931854248,D:\Datasets\Alvaro\Floresta-3-20260714T215823Z-1-001\Floresta-3\test\images\IJ_08_25_36_2560_0_png_jpg.rf.cbec1add57c99013895759bc8dbdcf06.jpg,D:\Datasets\Alvaro\Floresta-3-20260714T215823Z-1-001\Floresta-3\valid\images\IJ_08_25_27_2560_0_png_jpg.rf.33350cefc2203856896de6c21776e110.jpg
