family,model,n,metric,mean_percent,std_percent,ci95_halfwidth_pp,ci95_lower_percent,ci95_upper_percent
YOLO,YOLOv8n,892,IoU,86.32677649506859,13.86297791103005,0.9097669912149596,85.41700950385363,87.23654348628355
YOLO,YOLOv8n,892,Dice/F1,91.85524192285908,11.163224567826534,0.7325939125422624,91.12264801031681,92.58783583540135
YOLO,YOLOv8n,892,Precision,91.29826246592617,11.797138315144988,0.7741949167629247,90.52406754916325,92.0724573826891
YOLO,YOLOv8n,892,Recall,93.27829672450055,11.69470062246591,0.7674723761909242,92.51082434830963,94.04576910069147
YOLO,YOLOv8n,892,Boundary IoU,40.94988846811539,15.200269896604807,0.9975276523009318,39.95236081581446,41.94741612041633
YOLO,YOLOv8n,892,Boundary F1,62.148257474228096,18.955006706408607,1.2439347108840215,60.90432276334408,63.392192185112116
YOLO,YOLOv8n,892,Pixel accuracy,94.57864530415642,8.233018257556152,0.5402972071992689,94.03834809695717,95.1189425113557
YOLO,YOLOv8s,892,IoU,89.02898318113813,11.22488933631546,0.7366407033005095,88.29234247783762,89.76562388443864
YOLO,YOLOv8s,892,Dice/F1,93.72976840566484,8.06046269452299,0.5289731355311478,93.20079527013368,94.25874154119599
YOLO,YOLOv8s,892,Precision,92.87556929712406,9.152039852810622,0.6006086003892556,92.27496069673481,93.47617789751331
YOLO,YOLOv8s,892,Recall,95.18206049128983,8.275407646961504,0.5430790385998703,94.63898145268996,95.7251395298897
YOLO,YOLOv8s,892,Boundary IoU,45.10005217608016,16.518861227420608,1.0840610706889071,44.01599110539126,46.18411324676907
YOLO,YOLOv8s,892,Boundary F1,66.57546950197622,20.199200228498857,1.3255857244213494,65.24988377755486,67.90105522639756
YOLO,YOLOv8s,892,Pixel accuracy,96.0205499623154,4.7998382983890195,0.31499252722384613,95.70555743509155,96.33554248953924
YOLO,YOLOv8m,892,IoU,83.81663273479312,14.517589579156773,0.9527263100242331,82.86390642476889,84.76935904481735
YOLO,YOLOv8m,892,Dice/F1,90.3167984865604,11.451201249478423,0.7514925706002873,89.56530591596011,91.06829105716069
YOLO,YOLOv8m,892,Precision,89.90144268909523,13.144135792540283,0.8625925070966024,89.03885018199863,90.76403519619184
YOLO,YOLOv8m,892,Recall,91.79618949169482,10.359334253158229,0.6798380849317509,91.11635140676307,92.47602757662658
YOLO,YOLOv8m,892,Boundary IoU,34.969982012073935,14.24859077823712,0.9350730877999959,34.034908924273935,35.905055099873934
YOLO,YOLOv8m,892,Boundary F1,54.65020781889605,18.593485376619583,1.2202096371968951,53.429998181699155,55.87041745609294
YOLO,YOLOv8m,892,Pixel accuracy,93.82814771709803,6.952510892570185,0.45626307397418603,93.37188464312385,94.28441079107222
YOLO,YOLOv8l,892,IoU,88.01712813506309,12.732910731491828,0.8356055935414296,87.18152254152166,88.85273372860453
YOLO,YOLOv8l,892,Dice/F1,92.96890436690376,9.994694788495725,0.6559083816044236,92.31299598529934,93.62481274850818
YOLO,YOLOv8l,892,Precision,92.54411600317589,10.601002987220793,0.6956977536457791,91.84841824953011,93.23981375682166
YOLO,YOLOv8l,892,Recall,94.13769312979709,10.185363795390094,0.6684211598713656,93.46927196992571,94.80611428966846
YOLO,YOLOv8l,892,Boundary IoU,45.01897756855571,16.473600510968865,1.0810908065731593,43.937886761982554,46.10006837512887
YOLO,YOLOv8l,892,Boundary F1,66.7419018438735,20.25881920135708,1.3294982585034671,65.41240358537004,68.07140010237698
YOLO,YOLOv8l,892,Pixel accuracy,95.23485370171792,7.481153687782774,0.4909556031201326,94.7438980985978,95.72580930483807
YOLO,YOLOv8x,892,IoU,71.57417869508372,31.53522510786339,2.069519770412418,69.5046589246713,73.64369846549614
YOLO,YOLOv8x,892,Dice/F1,77.74813477926634,31.296790021917083,2.0538723119706885,75.69426246729564,79.80200709123702
YOLO,YOLOv8x,892,Precision,84.47017859762558,27.338676665780582,1.7941185345348207,82.67606006309076,86.2642971321604
YOLO,YOLOv8x,892,Recall,77.01310200959783,33.267533922770006,2.18320366924766,74.82989834035017,79.19630567884549
YOLO,YOLOv8x,892,Boundary IoU,39.36802083493245,20.44999215850781,1.342044108835545,38.02597672609691,40.710064943767996
YOLO,YOLOv8x,892,Boundary F1,59.09662553097421,27.068652802093958,1.7763980418961534,57.32022748907806,60.873023572870366
YOLO,YOLOv8x,892,Pixel accuracy,82.19279911056358,27.41091403721414,1.7988591592753462,80.39393995128825,83.99165826983894
YOLO,YOLOv11n,892,IoU,87.18641136097376,12.558930800607671,0.8241880468016103,86.36222331417216,88.01059940777537
YOLO,YOLOv11n,892,Dice/F1,92.50769038079429,9.932953272545333,0.6518565542438285,91.85583382655047,93.15954693503811
YOLO,YOLOv11n,892,Precision,91.6924937882468,10.723371960032312,0.7037282975106888,90.98876549073611,92.39622208575749
YOLO,YOLOv11n,892,Recall,94.04583816289677,10.093146447278706,0.6623693360952946,93.38346882680149,94.70820749899207
YOLO,YOLOv11n,892,Boundary IoU,41.058773483757335,15.194299190377553,0.997135820800178,40.06163766295715,42.05590930455751
YOLO,YOLOv11n,892,Boundary F1,62.25193642688157,19.096999536159668,1.2532530831937643,60.99868334368781,63.50518951007533
YOLO,YOLOv11n,892,Pixel accuracy,95.10387663560948,6.791921023733531,0.44572425881277083,94.6581523767967,95.54960089442226
YOLO,YOLOv11s,892,IoU,87.87718684747013,13.692542358660308,0.8985820466330233,86.97860480083712,88.77576889410315
YOLO,YOLOv11s,892,Dice/F1,92.77118592967656,10.903156112393706,0.715526750080668,92.05565917959589,93.48671267975722
YOLO,YOLOv11s,892,Precision,92.62296101899346,10.105894324801836,0.6632059238943249,91.95975509509914,93.28616694288779
YOLO,YOLOv11s,892,Recall,94.00493194201287,11.827584296961021,0.7761929542299917,93.22873898778288,94.78112489624286
YOLO,YOLOv11s,892,Boundary IoU,45.35965967768907,16.31813086010056,1.0708880090643238,44.28877166862475,46.4305476867534
YOLO,YOLOv11s,892,Boundary F1,67.18292174088761,19.77591694660096,1.297807482237363,65.88511425865023,68.48072922312497
YOLO,YOLOv11s,892,Pixel accuracy,95.0481381266409,8.7070006448335,0.5714026113288609,94.47673551531203,95.61954073796976
YOLO,YOLOv11m,892,IoU,88.77930921019035,12.997155180068724,0.8529468082840269,87.92636240190632,89.63225601847438
YOLO,YOLOv11m,892,Dice/F1,93.36259555211285,10.333267365530455,0.6781274283845317,92.68446812372831,94.04072298049738
YOLO,YOLOv11m,892,Precision,93.11642446071997,10.035021537672403,0.6585548508911385,92.45786960982883,93.7749793116111
YOLO,YOLOv11m,892,Recall,94.51982910108939,10.8077101158078,0.7092630441370565,93.81056605695233,95.22909214522643
YOLO,YOLOv11m,892,Boundary IoU,47.96023211498151,16.948743067360024,1.1122723475595468,46.84795976742196,49.07250446254105
YOLO,YOLOv11m,892,Boundary F1,70.02097496323077,19.97463506454087,1.3108484886804483,68.71012647455032,71.33182345191122
YOLO,YOLOv11m,892,Pixel accuracy,95.48879224834762,8.1229654838459,0.5330749219546552,94.95571732639296,96.02186717030227
YOLO,YOLOv11l,892,IoU,88.30416195081825,14.38581792812617,0.9440787092522406,87.36008324156602,89.2482406600705
YOLO,YOLOv11l,892,Dice/F1,92.87542891718651,12.265232825724945,0.8049139251338273,92.07051499205268,93.68034284232034
YOLO,YOLOv11l,892,Precision,92.87264574110388,11.265838907942655,0.739328045717839,92.13331769538605,93.61197378682172
YOLO,YOLOv11l,892,Recall,93.9801501856109,12.859308743678326,0.8439005457501444,93.13624963986075,94.82405073136104
YOLO,YOLOv11l,892,Boundary IoU,47.532979202591925,16.921545979951425,1.110487520912608,46.42249168167932,48.64346672350453
YOLO,YOLOv11l,892,Boundary F1,69.72079060700955,20.590853876754895,1.3512882512131406,68.3695023557964,71.07207885822268
YOLO,YOLOv11l,892,Pixel accuracy,95.03412960033064,9.72726676665651,0.6383582427845634,94.39577135754608,95.6724878431152
YOLO,YOLOv11x,892,IoU,88.59867132272147,13.362924966735443,0.8769506897320638,87.72172063298942,89.47562201245354
YOLO,YOLOv11x,892,Dice/F1,93.20440027563859,10.860863955270272,0.7127512996121533,92.49164897602643,93.91715157525074
YOLO,YOLOv11x,892,Precision,93.40339203154291,9.672124889960088,0.6347395210658962,92.76865251047701,94.0381315526088
YOLO,YOLOv11x,892,Recall,94.10989628916076,11.659484045003358,0.765161265264786,93.34473502389596,94.87505755442555
YOLO,YOLOv11x,892,Boundary IoU,48.037137913530955,17.175136476190655,1.12712956306581,46.91000835046515,49.16426747659677
YOLO,YOLOv11x,892,Boundary F1,70.21966038380373,20.56252451774213,1.3494291185017204,68.87023126530201,71.56908950230545
YOLO,YOLOv11x,892,Pixel accuracy,95.15282080951643,9.131079344693543,0.5992330533367827,94.55358775617965,95.7520538628532
Mask R-CNN,mask_rcnn_R_101_C4_3x,892,IoU,77.47668253390833,19.09615851516039,1.2531978906406944,76.22348464326764,78.72988042454901
Mask R-CNN,mask_rcnn_R_101_C4_3x,892,Dice/F1,85.59370056232439,16.336199749648898,1.0720737917572263,84.52162677056717,86.6657743540816
Mask R-CNN,mask_rcnn_R_101_C4_3x,892,Precision,85.23582290402192,18.737802231936698,1.2296805252042253,84.0061423788177,86.46550342922615
Mask R-CNN,mask_rcnn_R_101_C4_3x,892,Recall,89.18310570809507,11.28343533818589,0.7404828229598754,88.4426228851352,89.92358853105495
Mask R-CNN,mask_rcnn_R_101_C4_3x,892,Boundary IoU,23.875741568253552,10.362677375360589,0.6800574795125419,23.19568408874101,24.555799047766094
Mask R-CNN,mask_rcnn_R_101_C4_3x,892,Boundary F1,39.461334049866906,15.012777507547204,0.985223341656902,38.47611070821,40.44655739152381
Mask R-CNN,mask_rcnn_R_101_C4_3x,892,Pixel accuracy,90.24185851227477,11.393647825302462,0.7477155895012246,89.49414292277355,90.989574101776
Mask R-CNN,mask_rcnn_R_101_DC5_3x,892,IoU,73.05348885151011,23.923454186890662,1.5699923259460256,71.48349652556408,74.62348117745613
Mask R-CNN,mask_rcnn_R_101_DC5_3x,892,Dice/F1,81.44246911078923,21.99557087899041,1.4434737231105954,79.99899538767863,82.88594283389983
Mask R-CNN,mask_rcnn_R_101_DC5_3x,892,Precision,80.46847985351334,24.322975186447618,1.596211152811856,78.87226870070148,82.06469100632519
Mask R-CNN,mask_rcnn_R_101_DC5_3x,892,Recall,89.35946353764837,12.164249099738516,0.7982868020768646,88.56117673557151,90.15775033972523
Mask R-CNN,mask_rcnn_R_101_DC5_3x,892,Boundary IoU,23.08537090700756,11.172785878087694,0.7332213797808452,22.352149527226715,23.818592286788405
Mask R-CNN,mask_rcnn_R_101_DC5_3x,892,Boundary F1,38.46194968066036,16.647925077610314,1.092530970259928,37.36941871040043,39.55448065092029
Mask R-CNN,mask_rcnn_R_101_DC5_3x,892,Pixel accuracy,85.96154456713849,16.74310011542475,1.0987768943569662,84.86276767278153,87.06032146149546
Mask R-CNN,mask_rcnn_R_101_FPN_3x,892,IoU,77.91960032563954,19.288817960725062,1.2658412927470384,76.6537590328925,79.18544161838658
Mask R-CNN,mask_rcnn_R_101_FPN_3x,892,Dice/F1,85.8785139081117,16.080886634185195,1.0553187015908976,84.8231952065208,86.9338326097026
Mask R-CNN,mask_rcnn_R_101_FPN_3x,892,Precision,83.44522149362086,19.744838197081645,1.2957679189759648,82.1494535746449,84.74098941259682
Mask R-CNN,mask_rcnn_R_101_FPN_3x,892,Recall,91.8929974227382,7.726921153980726,0.5070842538109438,91.38591316892726,92.40008167654914
Mask R-CNN,mask_rcnn_R_101_FPN_3x,892,Boundary IoU,25.577051482573477,10.806141038168029,0.7091600723908359,24.86789141018264,26.28621155496431
Mask R-CNN,mask_rcnn_R_101_FPN_3x,892,Boundary F1,42.018167714231566,15.409416140872633,1.011253011353842,41.00691470287772,43.0294207255854
Mask R-CNN,mask_rcnn_R_101_FPN_3x,892,Pixel accuracy,90.15818889256487,11.63749235412171,0.7637180461690383,89.39447084639583,90.92190693873391
Mask R-CNN,mask_rcnn_R_50_C4_1x,892,IoU,75.59023193420529,19.2478663090199,1.2631538138232317,74.32707812038205,76.85338574802853
Mask R-CNN,mask_rcnn_R_50_C4_1x,892,Dice/F1,84.37344647020221,16.051596586474744,1.0533965230554418,83.32004994714677,85.42684299325765
Mask R-CNN,mask_rcnn_R_50_C4_1x,892,Precision,83.24106917365175,19.059024439143098,1.2507609426179382,81.99030823103382,84.49183011626968
Mask R-CNN,mask_rcnn_R_50_C4_1x,892,Recall,89.13113984089847,11.154484052284028,0.7320203104938565,88.39911953040462,89.86316015139232
Mask R-CNN,mask_rcnn_R_50_C4_1x,892,Boundary IoU,21.537849292319923,9.418840635880308,0.6181175762546774,20.919731716065243,22.155966868574602
Mask R-CNN,mask_rcnn_R_50_C4_1x,892,Boundary F1,36.12340810037275,14.132016327257574,0.9274228132196826,35.19598528715307,37.05083091359243
Mask R-CNN,mask_rcnn_R_50_C4_1x,892,Pixel accuracy,89.29428935369528,10.93220895473063,0.7174333618583637,88.57685599183691,90.01172271555365
Mask R-CNN,mask_rcnn_R_50_C4_3x,892,IoU,75.91657742952684,18.205076173403743,1.1947200292325977,74.72185740029424,77.11129745875944
Mask R-CNN,mask_rcnn_R_50_C4_3x,892,Dice/F1,84.8233285961241,14.637992489307935,0.9606278297413346,83.86270076638277,85.78395642586544
Mask R-CNN,mask_rcnn_R_50_C4_3x,892,Precision,84.44465291021153,17.49874659377208,1.148366688659477,83.29628622155205,85.593019598871
Mask R-CNN,mask_rcnn_R_50_C4_3x,892,Recall,88.25964426477717,12.082553794568,0.7929254942497611,87.46671877052741,89.05256975902694
Mask R-CNN,mask_rcnn_R_50_C4_3x,892,Boundary IoU,22.898631676221388,10.372257762582873,0.6806861986891739,22.217945477532215,23.57931787491056
Mask R-CNN,mask_rcnn_R_50_C4_3x,892,Boundary F1,38.02244774439212,14.89684230082563,0.9776150178990568,37.04483272649306,39.00006276229118
Mask R-CNN,mask_rcnn_R_50_C4_3x,892,Pixel accuracy,89.73714429913028,9.648382228507927,0.6331813933813977,89.10396290574887,90.37032569251167
Mask R-CNN,mask_rcnn_R_50_DC5_1x,892,IoU,77.65865269685872,18.17586755282398,1.192803194405843,76.46584950245287,78.85145589126456
Mask R-CNN,mask_rcnn_R_50_DC5_1x,892,Dice/F1,85.91115456557857,15.145380902525382,0.9939255261693796,84.9172290394092,86.90508009174795
Mask R-CNN,mask_rcnn_R_50_DC5_1x,892,Precision,85.353557323788,17.727017101403096,1.1633470900020588,84.19021023378595,86.51690441379006
Mask R-CNN,mask_rcnn_R_50_DC5_1x,892,Recall,89.37741724997382,10.24713009027914,0.6724746133660144,88.70494263660781,90.04989186333984
Mask R-CNN,mask_rcnn_R_50_DC5_1x,892,Boundary IoU,25.072691160869383,10.778569275835666,0.7073506574570034,24.365340503412376,25.78004181832638
Mask R-CNN,mask_rcnn_R_50_DC5_1x,892,Boundary F1,41.3648049086836,15.658555427617408,1.0276029399730668,40.33720196871053,42.39240784865667
Mask R-CNN,mask_rcnn_R_50_DC5_1x,892,Pixel accuracy,90.5130798613323,9.845029292706098,0.6460864855682994,89.866993375764,91.1591663469006
U-Net,U-Net,892,IoU,49.96882136391317,27.259608612882207,1.7889296418561889,48.17989172205698,51.75775100576936
U-Net,U-Net,892,Dice/F1,61.79997167998387,27.070359005410083,1.7765100126045592,60.02346166737931,63.57648169258843
U-Net,U-Net,892,Precision,70.10686233269305,28.744579813071354,1.886381847977216,68.22048048471584,71.99324418067027
U-Net,U-Net,892,Recall,68.13942083807582,27.72191657535811,1.8192689042236043,66.32015193385222,69.95868974229941
U-Net,U-Net,892,Boundary IoU,20.929714515334553,12.334262035645374,0.809444012177051,20.1202705031575,21.739158527511606
U-Net,U-Net,892,Boundary F1,34.529004900911374,17.75593103326977,1.1652445856893032,33.36376031522207,35.694249486600675
U-Net,U-Net,892,Pixel accuracy,72.50178213065679,20.750639710798914,1.3617743010654837,71.1400078295913,73.86355643172227
